1654789781.8138812,0.99,-0.05,0.05
1654789781.852603,0.98,-0.07,0.05
1654789781.8918002,1.0,-0.06,0.05
1654789781.931062,1.0,-0.06,0.06
1654789781.970488,0.99,-0.07,0.06
1654789782.009443,0.97,-0.08,0.07
1654789782.0483708,0.97,-0.07,0.07
1654789782.088172,0.99,-0.06,0.05
1654789782.1269739,0.97,-0.05,0.05
1654789782.166507,0.97,-0.05,0.05
1654789782.2055192,1.0,-0.04,0.05
1654789782.244425,0.99,-0.06,0.04
1654789782.283851,0.97,-0.07,0.05
1654789782.3230011,0.94,-0.06,0.06
1654789782.362595,0.95,-0.06,0.06
1654789782.401932,0.94,-0.05,0.05
1654789782.4406872,0.85,-0.06,0.07
1654789782.4798012,0.8,-0.07,0.07
1654789782.518817,0.71,-0.09,0.07
1654789782.557931,0.83,-0.08,0.07
1654789782.59729,0.56,-0.03,0.03
1654789782.6366751,0.77,-0.04,0.08
1654789782.676013,0.8,-0.04,0.09
1654789782.715096,0.74,-0.04,0.05
1654789782.7541492,0.93,-0.04,0.04
1654789782.793487,1.12,-0.08,0.11
1654789782.83266,1.11,-0.08,0.14
1654789782.872143,1.32,-0.08,0.13
1654789782.911045,1.06,-0.1,0.11
1654789782.9502442,1.08,-0.1,0.09
1654789782.989583,1.15,-0.11,-0.01
1654789783.0283809,1.23,-0.18,0.09
1654789783.068268,0.92,-0.08,0.04
1654789783.1070132,0.88,-0.05,0.05
1654789783.146049,0.86,-0.06,0.06
1654789783.185884,0.63,-0.04,0.02
1654789783.224452,0.52,-0.01,0.01
1654789783.264003,0.53,-0.01,0.02
1654789783.303154,0.63,-0.02,0.04
1654789783.3420749,0.7,-0.02,0.01
1654789783.381672,0.46,-0.02,0.01
1654789783.420785,0.47,-0.03,0.0
1654789783.4595048,0.37,-0.01,0.02
1654789783.498955,0.62,-0.04,0.01
1654789783.538195,0.39,-0.04,0.01
1654789783.577506,0.52,-0.01,0.04
1654789783.616692,0.37,-0.03,0.03
1654789783.6557078,0.39,-0.01,0.03
1654789783.695029,0.7,-0.05,0.02
1654789783.734234,1.29,-0.04,0.01
1654789783.773587,1.05,-0.09,0.13
1654789783.812727,0.89,-0.05,0.08
1654789783.8519099,0.78,-0.02,0.07
1654789783.891243,0.92,-0.04,0.08
1654789783.930201,0.84,-0.05,0.0
1654789783.969595,0.89,-0.04,0.04
1654789784.008667,1.75,-0.07,0.16
1654789784.0475872,1.3,-0.11,0.11
1654789784.0872478,1.17,-0.09,0.09
1654789784.125917,0.73,-0.05,0.01
1654789784.16548,0.88,-0.07,-0.03
1654789784.20459,0.77,-0.04,0.01
1654789784.244073,0.85,-0.04,0.12
1654789784.283006,0.81,-0.03,0.08
1654789784.3221629,0.84,-0.04,-0.02
1654789784.3616278,0.94,-0.04,-0.01
1654789784.400745,1.59,-0.06,0.07
1654789784.440017,1.2,-0.07,0.09
1654789784.479367,1.06,-0.06,0.07
1654789784.5182562,0.82,-0.05,0.06
1654789784.557738,0.91,-0.08,0.07
1654789784.596958,1.03,-0.09,-0.06
1654789784.63602,0.95,-0.04,0.02
1654789784.6750562,0.8,-0.01,0.02
1654789784.714037,0.76,-0.01,0.06
1654789784.753686,0.84,-0.03,0.04
1654789784.792656,0.69,-0.01,-0.04
1654789784.832253,0.82,-0.0,-0.01
1654789784.871242,0.54,0.0,0.01
1654789784.910228,0.65,-0.0,0.1
1654789784.949721,0.73,-0.04,0.08
1654789784.9885561,0.58,-0.02,0.04
1654789785.0281348,0.75,-0.05,0.05
1654789785.067185,0.73,-0.04,0.03
1654789785.105988,0.81,-0.04,0.12
1654789785.145426,0.7,-0.05,0.07
1654789785.184651,0.72,-0.04,0.07
1654789785.2240598,0.78,-0.06,0.04
1654789785.2631,1.34,-0.07,0.07
1654789785.3025768,1.15,-0.1,0.15
1654789785.341525,0.92,-0.06,0.1
1654789785.3806021,0.81,-0.03,0.08
1654789785.420081,0.87,-0.07,0.04
1654789785.459079,1.63,-0.13,0.16
1654789785.498336,1.34,-0.16,0.16
1654789785.537459,0.97,-0.09,0.1
1654789785.5764952,0.88,-0.07,0.1
1654789785.61595,0.87,-0.08,0.08
1654789785.655025,1.33,-0.17,0.15
1654789785.694612,1.22,-0.13,0.06
1654789785.733664,0.94,-0.05,0.04
1654789785.772985,0.86,-0.04,0.08
1654789785.8120441,0.89,-0.06,0.06
1654789785.851008,1.21,-0.07,0.05
1654789785.890583,1.08,-0.09,0.15
1654789785.929587,1.42,-0.18,0.24
1654789785.970975,1.12,-0.15,0.08
1654789786.0077891,1.18,-0.11,0.04
1654789786.046796,1.07,-0.09,0.03
1654789786.086347,1.08,-0.11,0.12
1654789786.125453,1.06,-0.1,-0.03
1654789786.165247,1.17,-0.09,-0.01
1654789786.2038589,1.2,-0.06,0.01
1654789786.2430358,1.61,-0.12,0.12
1654789786.2824352,1.37,-0.09,0.05
1654789786.321692,1.77,-0.18,0.14
1654789786.3608162,1.33,-0.22,0.11
1654789786.399956,1.24,-0.15,0.07
1654789786.43914,1.57,-0.21,0.13
1654789786.478446,1.31,-0.25,0.06
1654789786.517472,1.15,-0.16,0.04
1654789786.5569081,0.81,-0.08,0.04
1654789786.595872,0.87,-0.07,0.02
1654789786.635023,1.49,-0.09,0.08
1654789786.6744692,1.25,-0.14,0.14
1654789786.713463,1.11,-0.1,0.1
1654789786.752914,1.19,-0.08,-0.05
1654789786.791958,1.83,-0.13,-0.02
1654789786.831341,1.91,-0.24,0.1
1654789786.8703191,1.39,-0.23,0.09
1654789786.909569,1.23,-0.15,0.06
1654789786.948756,1.47,-0.18,0.0
1654789786.9878058,1.37,-0.23,-0.08
1654789787.027342,1.47,-0.34,0.06
1654789787.066221,1.17,-0.28,-0.03
1654789787.105856,1.19,-0.17,0.01
1654789787.144887,1.27,-0.1,-0.09
1654789787.184086,1.27,-0.09,-0.07
1654789787.223098,1.41,-0.08,-0.1
1654789787.262402,1.21,-0.07,-0.07
1654789787.301739,1.17,-0.05,-0.01
1654789787.340714,0.86,-0.03,-0.01
1654789787.37972,0.89,-0.04,0.04
1654789787.419307,1.06,-0.05,-0.05
1654789787.458084,1.14,-0.03,-0.02
1654789787.4976819,1.04,0.0,0.02
1654789787.536769,0.78,0.0,0.0
1654789787.5759501,1.03,-0.02,-0.01
1654789787.6148858,1.39,-0.07,0.07
1654789787.65444,1.22,-0.08,0.05
1654789787.693572,1.14,-0.05,0.06
1654789787.7327209,1.27,-0.05,-0.07
1654789787.772258,1.33,-0.05,-0.08
1654789787.81121,1.67,-0.15,0.05
1654789787.850795,1.32,-0.13,0.02
1654789787.88974,1.21,-0.09,0.06
1654789787.92855,1.37,-0.1,0.06
1654789787.9679139,1.15,-0.17,0.16
1654789788.006871,0.94,-0.14,0.09
1654789788.046564,0.8,-0.1,0.09
1654789788.085647,0.86,-0.1,0.06
1654789788.124871,1.41,-0.08,0.06
1654789788.163875,1.14,-0.12,0.16
1654789788.203114,0.83,-0.06,0.11
1654789788.242668,0.95,-0.07,0.17
1654789788.281566,1.01,-0.11,0.12
1654789788.320641,0.87,-0.1,0.06
1654789788.360076,0.79,-0.05,0.06
1654789788.399105,0.57,-0.04,0.03
1654789788.438457,0.78,-0.0,0.07
1654789788.477786,0.9,-0.05,0.08
1654789788.517576,0.86,-0.09,0.06
1654789788.555967,1.18,-0.12,-0.01
1654789788.595022,1.13,-0.09,-0.04
1654789788.634482,1.39,-0.07,-0.06
1654789788.673507,1.18,-0.07,-0.08
1654789788.713176,1.21,-0.05,-0.01
1654789788.7519271,0.87,-0.03,-0.01
1654789788.7909288,0.99,-0.07,0.1
1654789788.830657,0.67,-0.03,0.05
1654789788.8695838,0.82,-0.04,0.11
1654789788.9089549,0.85,-0.09,0.09
1654789788.947957,0.87,-0.13,0.06
1654789788.986908,0.65,-0.08,0.05
1654789789.026489,0.63,-0.07,0.04
1654789789.065693,0.46,-0.03,0.03
1654789789.1048682,0.67,-0.03,0.04
1654789789.143989,0.81,-0.05,0.04
1654789789.1829069,0.76,-0.02,-0.04
1654789789.222302,0.81,-0.02,0.01
1654789789.261473,0.85,0.03,-0.04
1654789789.300993,0.98,0.02,-0.02
1654789789.339733,0.98,0.01,0.0
1654789789.379435,1.37,-0.01,0.03
1654789789.4184341,1.12,-0.11,0.12
1654789789.457508,1.07,-0.06,0.07
1654789789.496931,0.78,-0.04,0.05
1654789789.535958,0.86,-0.04,0.04
1654789789.5768142,0.88,-0.06,0.04
1654789789.6142788,0.61,-0.03,0.04
1654789789.653194,0.63,-0.04,0.05
1654789789.692621,0.81,0.0,-0.02
1654789789.731644,1.06,0.02,-0.03
1654789789.77109,1.02,0.01,0.01
1654789789.810247,0.77,0.03,-0.02
1654789789.849314,0.92,0.01,-0.04
1654789789.8888268,0.9,0.01,-0.02
1654789789.92768,0.87,-0.02,0.07
1654789789.967133,0.85,-0.04,0.05
1654789790.0063128,0.74,-0.04,0.01
1654789790.0453591,0.79,-0.03,0.05
1654789790.084765,0.79,-0.06,0.07
1654789790.1239429,0.58,-0.03,0.04
1654789790.16324,0.71,-0.02,0.04
1654789790.202358,0.72,-0.04,0.03
1654789790.241366,0.6,-0.02,0.03
1654789790.2809448,0.67,-0.04,0.04
1654789790.319826,0.56,-0.02,0.01
1654789790.359398,0.82,0.0,-0.01
1654789790.398653,0.83,-0.01,-0.0
1654789790.437338,1.2,-0.05,0.02
1654789790.4768908,1.17,-0.05,-0.04
1654789790.515729,1.23,-0.02,0.01
1654789790.555263,1.02,-0.07,0.1
1654789790.594133,0.98,-0.09,0.08
1654789790.633787,1.57,-0.2,0.15
1654789790.672708,1.2,-0.19,0.2
1654789790.71232,1.06,-0.13,0.13
1654789790.751206,0.74,-0.07,0.09
1654789790.790335,0.85,-0.08,0.06
1654789790.829723,0.52,-0.05,0.03
1654789790.8685708,0.69,-0.01,0.04
1654789790.90815,0.74,-0.03,0.07
1654789790.947159,1.13,-0.11,0.07
1654789790.986583,1.13,-0.16,0.06
1654789791.025547,1.08,-0.1,0.04
1654789791.064543,1.56,-0.2,0.15
1654789791.1040509,1.56,-0.24,0.08
1654789791.1431801,1.09,-0.12,0.04
1654789791.182545,0.97,-0.11,0.11
1654789791.221521,0.92,-0.12,0.08
1654789791.26095,0.63,-0.1,0.02
1654789791.300456,0.78,-0.04,0.05
1654789791.339296,0.88,-0.04,0.07
1654789791.378721,1.73,-0.05,0.08
1654789791.417739,1.35,-0.07,0.17
1654789791.456586,1.15,-0.09,0.12
1654789791.496094,0.85,-0.06,0.01
1654789791.535156,0.99,-0.06,-0.04
1654789791.574694,1.08,-0.04,-0.01
1654789791.613804,0.72,-0.01,0.0
1654789791.652813,0.77,-0.01,0.01
1654789791.691979,1.37,-0.08,0.09
1654789791.7310588,1.16,-0.13,0.07
1654789791.7706711,1.11,-0.09,0.08
1654789791.8097029,0.94,-0.07,0.05
1654789791.849051,1.02,-0.08,0.15
1654789791.888022,0.92,-0.08,0.08
1654789791.927047,0.67,-0.06,0.05
1654789791.966625,0.85,-0.05,0.05
1654789792.005593,0.86,-0.05,0.04
1654789792.045197,0.69,-0.04,0.02
1654789792.084092,0.67,-0.04,0.04
1654789792.123212,0.38,-0.03,0.02
1654789792.162606,0.73,-0.0,0.07
1654789792.201684,0.8,-0.04,0.08
1654789792.2411351,1.78,-0.12,0.17
1654789792.280162,1.34,-0.13,0.2
1654789792.319288,1.13,-0.12,0.12
1654789792.358776,1.26,-0.15,-0.0
1654789792.3976178,1.15,-0.2,0.05
1654789792.437423,1.59,-0.16,0.07
1654789792.476428,1.18,-0.16,0.14
1654789792.515288,1.09,-0.1,0.08
1654789792.5548632,0.74,-0.06,0.03
1654789792.593481,0.99,-0.05,0.09
1654789792.633024,0.9,-0.09,0.1
1654789792.6721122,0.66,-0.05,0.08
1654789792.711586,0.78,-0.06,0.06
1654789792.750586,0.81,-0.06,0.04
1654789792.789649,1.14,-0.14,0.09
1654789792.8290749,1.11,-0.09,0.02
1654789792.867997,1.67,-0.16,0.14
1654789792.907868,1.24,-0.2,0.15
1654789792.94691,1.13,-0.14,0.07
1654789792.9856791,1.04,-0.09,0.02
1654789793.025214,0.84,-0.05,0.02
1654789793.0642009,0.92,-0.06,0.03
1654789793.103552,0.68,-0.06,0.04
1654789793.1428218,0.75,-0.04,0.06
1654789793.182174,0.76,-0.05,0.04
1654789793.221177,0.53,-0.02,0.03
1654789793.260211,0.64,-0.02,0.04
1654789793.299653,1.42,-0.01,0.08
1654789793.3387232,1.13,-0.07,0.14
1654789793.37812,1.0,-0.06,0.1
1654789793.417218,1.6,-0.09,0.08
1654789793.4560719,1.22,-0.12,0.16
1654789793.495414,1.06,-0.12,0.12
1654789793.534562,0.84,-0.07,0.01
1654789793.574186,1.05,-0.05,-0.02
1654789793.613194,0.85,-0.04,0.0
1654789793.652181,0.91,-0.03,0.11
1654789793.691801,0.86,-0.08,0.09
1654789793.7308002,0.89,-0.09,0.04
1654789793.770059,0.66,-0.05,0.04
1654789793.808974,0.74,-0.05,0.05
1654789793.848046,1.01,-0.06,-0.08
1654789793.887624,1.12,-0.03,-0.07
1654789793.926634,1.06,-0.01,-0.0
1654789793.9661078,1.2,0.0,-0.06
1654789794.0050309,1.26,-0.04,-0.08
1654789794.04438,1.28,-0.03,-0.01
1654789794.083673,0.95,0.0,-0.05
1654789794.1224551,1.03,-0.0,-0.06
1654789794.1618838,1.05,0.04,-0.12
1654789794.201428,1.09,-0.01,-0.1
1654789794.240432,1.03,0.0,-0.01
1654789794.279451,0.55,-0.02,-0.0
1654789794.3188732,0.9,0.0,0.08
1654789794.3579578,0.88,-0.04,0.07
1654789794.396965,0.66,-0.03,0.05
1654789794.43631,0.81,-0.05,0.05
1654789794.4754891,0.54,-0.04,0.02
1654789794.514875,0.47,-0.02,0.03
1654789794.5538719,0.61,-0.01,0.04
1654789794.593436,1.01,-0.07,-0.05
1654789794.632604,1.11,-0.08,-0.05
1654789794.671577,1.06,-0.05,-0.01
1654789794.711018,1.97,-0.04,0.05
1654789794.7496161,1.37,-0.1,0.13
1654789794.789231,1.19,-0.08,0.06
1654789794.8283908,1.25,-0.12,-0.07
1654789794.867718,1.36,-0.19,-0.05
1654789794.9066722,1.03,-0.11,-0.05
1654789794.945747,0.75,-0.05,-0.01
1654789794.9851148,0.86,-0.04,0.01
1654789795.0241961,1.23,-0.06,0.02
1654789795.063939,1.16,-0.05,0.12
1654789795.102844,0.98,-0.06,0.08
1654789795.1423318,1.25,-0.11,-0.03
1654789795.181421,1.75,-0.18,-0.01
1654789795.220144,1.48,-0.12,-0.0
1654789795.2596412,0.99,-0.05,-0.03
1654789795.298683,1.06,-0.02,-0.07
1654789795.33826,0.88,0.0,-0.04
1654789795.377183,0.64,0.0,-0.01
1654789795.416827,0.67,-0.01,0.03
1654789795.45555,1.13,-0.08,0.01
1654789795.494991,1.19,-0.1,0.03
1654789795.5340202,1.12,-0.07,0.05
1654789795.57333,1.68,-0.15,0.17
1654789795.612772,1.27,-0.21,0.19
1654789795.651886,0.8,-0.13,0.09
1654789795.690885,0.82,-0.09,0.11
1654789795.730027,0.84,-0.13,0.1
1654789795.769601,0.9,-0.15,0.07
1654789795.8085601,1.02,-0.12,-0.07
1654789795.8476632,1.1,-0.08,-0.05
1654789795.887009,1.56,-0.05,0.04
1654789795.925836,1.23,-0.09,0.12
1654789795.965365,1.13,-0.09,0.06
1654789796.00448,0.8,-0.06,0.01
1654789796.044019,0.99,-0.05,0.1
1654789796.0829802,0.9,-0.09,0.11
1654789796.122509,0.76,-0.07,0.02
1654789796.161509,1.04,-0.07,-0.02
1654789796.200671,0.98,-0.06,0.01
1654789796.239954,1.12,-0.04,-0.08
1654789796.279161,1.18,-0.03,-0.08
1654789796.318516,1.04,0.01,-0.03
1654789796.35761,0.77,0.0,0.0
1654789796.3963158,0.84,-0.02,0.04
1654789796.43576,0.58,-0.03,0.02
1654789796.474794,0.62,-0.01,0.04
1654789796.514406,0.76,-0.01,0.06
1654789796.5532138,1.32,-0.1,0.17
1654789796.592882,1.21,-0.15,0.08
1654789796.631724,1.08,-0.1,0.05
1654789796.67079,0.94,-0.01,-0.05
1654789796.710282,1.07,-0.02,-0.03
1654789796.7492511,1.16,-0.02,-0.02
1654789796.788735,0.81,-0.02,-0.01
1654789796.827866,0.82,-0.03,-0.02
1654789796.8674471,0.74,-0.02,-0.0
1654789796.906195,0.53,-0.03,0.03
1654789796.945236,0.6,-0.02,0.03
1654789796.98475,1.23,-0.01,0.03
1654789797.0239758,1.11,-0.04,0.11
1654789797.063467,1.01,-0.04,0.08
1654789797.102279,1.29,-0.18,0.12
1654789797.141438,1.13,-0.2,0.17
1654789797.180724,1.13,-0.14,0.09
1654789797.219685,1.28,-0.12,-0.08
1654789797.259261,1.79,-0.22,-0.06
1654789797.29829,1.27,-0.12,-0.06
1654789797.337643,0.86,-0.06,-0.01
1654789797.3766952,0.88,-0.06,0.02
1654789797.4157262,1.29,-0.11,0.07
1654789797.45507,1.16,-0.14,0.06
1654789797.494228,0.98,-0.07,0.03
1654789797.533692,0.7,-0.05,0.04
1654789797.572482,0.83,-0.06,0.04
1654789797.611427,0.51,-0.05,0.02
1654789797.651052,0.68,0.0,0.04
1654789797.690227,0.82,-0.02,0.08
1654789797.729959,1.47,-0.14,0.2
1654789797.7685928,1.19,-0.15,0.21
1654789797.8077838,1.02,-0.12,0.13
1654789797.847307,1.23,-0.1,0.01
1654789797.886362,1.25,-0.12,-0.02
1654789797.9254441,1.98,-0.13,0.03
1654789797.964832,1.29,-0.13,0.12
1654789798.003788,1.1,-0.13,0.08
1654789798.043287,0.95,-0.1,0.01
1654789798.082283,0.73,-0.05,0.03
1654789798.121227,0.88,-0.08,0.06
1654789798.161022,0.68,-0.04,-0.0
1654789798.199888,1.06,0.01,-0.02
1654789798.2393641,0.69,0.01,0.01
1654789798.278313,0.58,0.02,0.02
1654789798.3173492,0.72,0.0,0.02
1654789798.3567748,0.94,-0.05,0.03
1654789798.395879,0.62,-0.03,-0.0
1654789798.435246,0.65,-0.04,0.01
1654789798.474248,1.14,-0.02,-0.06
1654789798.513181,1.25,-0.03,-0.08
1654789798.5529118,1.18,-0.02,0.01
1654789798.591945,1.64,-0.07,0.09
1654789798.630775,1.31,-0.15,0.1
1654789798.6704278,1.39,-0.09,0.05
1654789798.709346,1.14,-0.11,0.13
1654789798.7487118,1.01,-0.13,0.12
1654789798.787959,0.96,-0.11,0.06
1654789798.826856,0.64,-0.06,0.03
1654789798.866418,0.71,-0.05,0.05
1654789798.905521,0.5,-0.07,0.04
1654789798.944918,0.76,-0.02,0.07
1654789798.9836879,0.88,-0.05,0.11
1654789799.022698,0.97,-0.07,0.06
1654789799.0622878,0.98,-0.09,0.14
1654789799.101588,0.66,-0.04,0.08
1654789799.141092,0.9,0.01,0.08
1654789799.180083,1.03,-0.06,0.1
1654789799.218949,0.74,-0.06,0.04
1654789799.258445,1.07,0.01,0.09
1654789799.2976599,1.02,-0.02,0.11
1654789799.3371542,1.92,-0.05,0.12
1654789799.3760252,1.5,-0.04,0.19
1654789799.414998,0.98,-0.05,0.11
1654789799.454724,0.86,-0.04,0.09
1654789799.4934442,0.92,-0.07,0.1
1654789799.5329201,0.67,-0.05,0.05
1654789799.5720499,0.86,0.01,0.08
1654789799.61094,0.91,-0.03,0.1
1654789799.650406,1.26,-0.09,-0.05
1654789799.6894112,1.33,-0.16,-0.02
1654789799.728534,1.18,-0.1,0.01
1654789799.768009,1.41,-0.07,-0.1
1654789799.8069491,1.38,-0.13,-0.08
1654789799.846647,1.35,-0.06,-0.04
1654789799.885632,0.82,-0.05,-0.01
1654789799.9244218,0.92,-0.04,-0.04
1654789799.9638941,0.82,-0.02,-0.02
1654789800.003038,0.57,-0.02,0.02
1654789800.04244,0.64,-0.02,0.02
1654789800.0816169,1.6,-0.07,0.11
1654789800.1206179,1.25,-0.1,0.16
1654789800.1598651,1.05,-0.08,0.09
1654789800.199323,0.8,-0.04,0.02
1654789800.238401,1.05,-0.03,-0.04
1654789800.277517,1.04,-0.02,-0.0
1654789800.31666,0.92,0.01,-0.05
1654789800.356051,1.11,0.03,-0.06
1654789800.395072,0.73,0.01,-0.02
1654789800.434159,0.64,0.02,0.0
1654789800.47347,0.71,-0.01,0.04
1654789800.512667,0.64,-0.02,0.01
1654789800.551711,0.99,0.03,0.1
1654789800.591213,0.93,-0.02,0.13
1654789800.63007,1.01,-0.06,-0.01
1654789800.669727,1.16,-0.07,-0.02
1654789800.708728,1.1,-0.05,0.02
1654789800.747905,1.82,-0.11,0.16
1654789800.787274,1.32,-0.16,0.15
1654789800.8262541,0.79,-0.08,0.05
1654789800.865678,0.72,-0.05,0.06
1654789800.904712,0.9,-0.08,0.08
1654789800.943763,0.95,-0.12,0.05
1654789800.9831412,0.63,-0.07,0.03
1654789801.0222778,0.69,-0.04,0.03
1654789801.061876,1.08,-0.05,-0.1
1654789801.1009228,1.1,-0.08,-0.05
1654789801.1399748,1.13,-0.03,0.01
1654789801.179109,1.5,-0.12,0.09
1654789801.218401,1.23,-0.2,0.03
1654789801.25782,1.18,-0.14,-0.0
1654789801.2968278,0.71,-0.1,0.01
1654789801.3361259,0.75,-0.08,0.0
1654789801.375128,0.81,-0.06,-0.0
1654789801.414259,0.56,-0.03,0.02
1654789801.4536839,0.57,-0.01,0.02
1654789801.4926772,1.27,-0.05,0.12
1654789801.5321212,1.06,-0.11,0.12
1654789801.571328,1.02,-0.07,0.09
1654789801.610209,1.57,-0.08,0.09
1654789801.64956,1.19,-0.14,0.17
1654789801.688714,1.03,-0.13,0.1
1654789801.7277498,0.71,-0.09,0.06
1654789801.7670348,0.83,-0.06,0.05
1654789801.8062348,0.89,-0.06,0.03
1654789801.845628,1.15,-0.06,-0.09
1654789801.884871,1.16,-0.04,-0.1
1654789801.92431,1.15,0.0,-0.01
1654789801.963391,0.77,0.0,-0.0
1654789802.002094,0.79,-0.01,0.01
1654789802.041562,0.88,-0.02,0.01
1654789802.080812,0.55,-0.02,0.03
1654789802.120299,0.57,-0.02,0.02
1654789802.159269,1.49,-0.04,0.1
1654789802.198394,1.14,-0.1,0.17
1654789802.2380228,1.03,-0.09,0.11
1654789802.276698,0.95,-0.07,0.06
1654789802.316074,0.68,-0.06,0.03
1654789802.355072,0.78,-0.06,0.02
1654789802.3942242,1.19,-0.01,0.01
1654789802.433706,1.1,-0.03,0.1
1654789802.4726999,1.0,-0.03,0.06
1654789802.512023,1.42,-0.1,-0.05
1654789802.551025,1.29,-0.18,0.06
1654789802.5904891,1.16,-0.12,0.02
1654789802.62939,1.44,-0.18,0.12
1654789802.66853,1.18,-0.24,0.13
1654789802.7080572,1.19,-0.17,0.05
1654789802.7470999,1.33,-0.12,-0.1
1654789802.786486,1.18,-0.16,0.03
1654789802.825475,1.18,-0.11,0.01
1654789802.865068,1.42,-0.08,-0.02
1654789802.904208,1.4,-0.09,-0.06
1654789802.943232,1.35,-0.04,-0.01
1654789802.9825149,0.85,-0.03,-0.01
1654789803.021526,0.88,-0.03,-0.02
1654789803.060781,0.89,-0.02,-0.01
1654789803.1002262,0.65,0.0,0.01
1654789803.139256,0.72,-0.0,0.03
1654789803.178721,1.57,-0.09,0.15
1654789803.217727,1.19,-0.14,0.18
1654789803.2569568,1.03,-0.11,0.11
1654789803.2961001,1.34,-0.21,0.15
1654789803.335095,1.17,-0.22,0.12
1654789803.3744798,1.15,-0.16,0.05
1654789803.413523,0.79,-0.09,-0.02
1654789803.452978,1.09,-0.06,-0.07
1654789803.492076,1.06,-0.04,-0.04
1654789803.531101,0.69,-0.02,-0.0
1654789803.570595,0.67,-0.02,0.02
1654789803.609687,0.38,-0.03,0.02
1654789803.649173,0.56,0.0,0.04
1654789803.688042,0.71,-0.02,0.07
1654789803.727365,0.85,-0.07,0.06
1654789803.766585,0.63,-0.05,0.06
1654789803.805446,0.7,-0.05,0.07
1654789803.845066,1.48,-0.01,0.06
1654789803.883852,1.07,-0.03,0.13
1654789803.9233348,0.93,-0.07,0.11
1654789803.9627368,0.7,-0.04,0.05
1654789804.002074,0.91,-0.04,0.12
1654789804.0409422,0.82,-0.08,0.13
1654789804.0801768,0.56,-0.06,0.07
1654789804.119488,0.72,-0.04,0.04
1654789804.1582952,0.78,-0.04,0.01
1654789804.197796,0.67,-0.02,-0.02
1654789804.236989,0.75,-0.01,-0.02
1654789804.276049,0.79,0.03,-0.04
1654789804.315459,1.06,0.02,-0.04
1654789804.354262,1.02,0.01,-0.01
1654789804.393752,0.59,0.0,-0.0
1654789804.4327822,0.7,0.01,0.04
1654789804.4716601,0.9,-0.02,0.06
1654789804.511112,1.04,-0.08,-0.07
1654789804.550497,1.22,-0.06,-0.08
1654789804.590019,1.08,-0.02,-0.04
1654789804.628745,1.42,-0.03,-0.07
1654789804.667914,1.36,-0.16,-0.04
1654789804.707349,1.07,-0.08,-0.02
1654789804.7463381,0.96,-0.07,0.08
1654789804.785642,0.92,-0.09,0.06
1654789804.824808,1.0,-0.11,0.04
1654789804.863795,1.03,-0.05,-0.06
1654789804.903299,1.15,-0.05,-0.09
1654789804.94237,0.99,-0.0,-0.08
1654789804.981633,1.18,-0.01,-0.08
1654789805.021046,1.14,-0.0,-0.01
1654789805.05987,0.9,-0.03,0.02
1654789805.099276,1.04,-0.02,0.11
1654789805.1383061,0.87,-0.04,0.07
1654789805.177825,0.69,-0.04,0.04
1654789805.216921,0.81,-0.03,0.03
1654789805.256439,0.76,-0.04,0.03
1654789805.295447,0.7,-0.03,0.03
1654789805.334302,0.73,-0.02,0.02
1654789805.373963,1.34,-0.09,0.14
1654789805.413006,1.04,-0.15,0.16
1654789805.452022,1.0,-0.1,0.1
1654789805.4915478,1.47,-0.08,0.1
1654789805.530559,1.19,-0.14,0.14
1654789805.569791,1.03,-0.12,0.06
1654789805.609044,0.66,-0.09,0.04
1654789805.6480691,0.83,-0.05,0.01
1654789805.687258,0.62,-0.05,0.0
1654789805.7265978,0.81,-0.04,0.08
1654789805.765683,0.82,-0.08,0.08
1654789805.8047009,0.84,-0.09,0.03
1654789805.843779,0.5,-0.08,0.01
1654789805.883232,0.64,-0.04,-0.01
1654789805.92242,0.43,-0.04,-0.0
1654789805.961789,0.6,-0.04,-0.0
1654789806.0008729,0.67,-0.02,-0.0
1654789806.040271,0.8,-0.04,0.02
1654789806.079328,0.5,-0.03,0.02
1654789806.1185899,1.19,-0.0,-0.15
1654789806.1580958,1.28,-0.07,-0.09
1654789806.1970649,1.13,-0.02,-0.02
1654789806.23598,1.0,-0.02,0.01
1654789806.275326,0.79,-0.01,0.01
1654789806.314465,1.39,0.06,0.05
1654789806.3538308,1.15,-0.02,0.1
1654789806.3931599,1.09,-0.07,0.07
1654789806.4325068,1.1,-0.07,0.04
1654789806.4713962,1.1,-0.09,0.03
1654789806.510454,1.98,-0.14,0.1
1654789806.5494459,1.33,-0.12,0.14
1654789806.588871,1.04,-0.11,0.12
1654789806.627813,0.97,-0.1,0.06
1654789806.667467,1.05,-0.09,0.05
1654789806.7062972,1.16,-0.1,-0.02
1654789806.7455099,1.16,-0.09,0.03
1654789806.7847638,2.42,-0.02,0.1
1654789806.8237708,1.49,-0.05,0.15
1654789806.8632152,1.14,-0.11,0.13
1654789806.902503,1.0,-0.14,0.06
1654789806.9418392,0.84,-0.1,0.03
1654789806.9806411,0.74,-0.05,0.05
1654789807.019719,1.66,-0.01,0.05
1654789807.0591428,1.23,-0.04,0.14
1654789807.098217,1.01,-0.07,0.12
1654789807.1376069,0.94,-0.07,0.07
1654789807.1767318,0.88,-0.06,0.04
1654789807.21607,0.93,-0.09,0.1
1654789807.255171,0.6,-0.07,0.06
1654789807.294132,0.77,-0.05,0.07
1654789807.333622,0.9,-0.08,0.07
1654789807.372683,1.42,-0.07,0.05
1654789807.412357,1.16,-0.06,0.14
1654789807.4510121,1.01,-0.08,0.09
1654789807.490581,1.45,-0.16,0.15
1654789807.529592,1.11,-0.2,0.16
1654789807.568722,0.82,-0.12,0.06
1654789807.607691,0.72,-0.08,0.08
1654789807.6468868,0.88,-0.11,0.08
1654789807.686517,0.9,-0.12,0.04
1654789807.725376,0.56,-0.07,0.03
1654789807.7649112,0.65,-0.05,0.03
1654789807.8040361,1.14,-0.05,-0.0
1654789807.8428092,1.1,-0.05,-0.01
1654789807.882241,1.1,-0.03,0.01
1654789807.921461,0.96,-0.02,0.01
1654789807.9607239,0.98,-0.11,0.11
1654789807.999864,0.61,-0.07,0.06
1654789808.0392199,0.74,-0.03,0.07
1654789808.078412,0.89,-0.07,0.09
1654789808.1172118,0.89,-0.1,0.05
1654789808.1566389,0.59,-0.05,0.04
1654789808.196002,0.66,-0.03,0.02
1654789808.235307,0.57,-0.02,0.02
1654789808.274409,0.9,0.01,0.08
1654789808.313162,0.89,-0.04,0.1
1654789808.3527098,0.86,-0.04,0.04
1654789808.391552,1.06,-0.04,0.12
1654789808.431155,0.95,-0.07,0.13
1654789808.470221,0.68,-0.07,0.06
1654789808.509162,0.92,-0.07,0.04
1654789808.548863,0.92,-0.05,0.02
1654789808.5875578,1.23,-0.07,0.01
1654789808.626972,1.24,-0.06,-0.04
1654789808.666222,0.92,-0.01,-0.02
1654789808.705133,0.95,-0.02,0.06
1654789808.74454,0.9,-0.06,0.04
1654789808.783714,1.66,-0.13,0.09
1654789808.823185,1.21,-0.14,0.16
1654789808.862046,1.01,-0.12,0.11
1654789808.901108,0.61,-0.08,0.05
1654789808.940722,0.87,-0.05,0.1
1654789808.9797928,1.45,-0.12,0.21
1654789809.018959,1.22,-0.15,0.17
1654789809.0581172,1.19,-0.1,0.09
1654789809.097093,1.06,-0.07,0.06
1654789809.136749,1.03,-0.03,-0.0
1654789809.175807,1.1,-0.02,-0.0
1654789809.214645,1.01,0.01,-0.03
1654789809.254188,1.11,0.03,-0.02
1654789809.293181,1.09,0.02,-0.0
1654789809.332627,1.05,0.02,0.02
1654789809.371734,1.07,0.01,-0.04
1654789809.410777,1.67,-0.05,0.02
1654789809.450331,1.13,-0.11,0.1
1654789809.48931,0.94,-0.07,0.06
1654789809.528861,0.96,-0.09,0.02
1654789809.567657,1.06,-0.09,0.02
1654789809.606677,1.32,-0.18,0.1
1654789809.646231,1.21,-0.16,0.07
1654789809.685187,0.74,-0.07,0.04
1654789809.724671,0.86,-0.06,0.08
1654789809.763871,0.89,-0.11,0.06
1654789809.802649,0.96,-0.14,0.04
1654789809.8421981,1.42,-0.19,0.12
1654789809.8811169,1.07,-0.18,0.11
1654789809.920137,0.98,-0.11,0.08
1654789809.9594612,0.75,-0.05,0.05
1654789809.9984891,0.89,-0.08,0.04
1654789810.0381498,0.85,-0.09,0.03
1654789810.0772328,1.07,-0.17,0.1
1654789810.11654,1.1,-0.12,0.01
1654789810.155689,1.09,-0.05,0.03
1654789810.1949959,0.67,-0.03,0.0
1654789810.234111,1.0,-0.03,-0.07
1654789810.273152,0.97,-0.01,-0.03
1654789810.3126101,1.22,-0.08,0.04
1654789810.351768,1.2,-0.09,-0.02
1654789810.390789,1.21,-0.06,0.04
1654789810.4302459,1.47,-0.07,-0.03
1654789810.469152,1.42,-0.13,-0.01
1654789810.508225,1.34,-0.1,0.02
1654789810.5478442,1.26,-0.02,-0.04
1654789810.586656,1.41,-0.02,-0.09
1654789810.626112,1.28,-0.01,-0.04
1654789810.66565,0.79,-0.01,-0.02
1654789810.704175,0.78,-0.03,-0.01
1654789810.743618,0.82,-0.02,-0.01
1654789810.782631,1.16,-0.05,-0.07
1654789810.8220649,1.23,-0.04,-0.1
1654789810.8611221,0.81,-0.02,-0.04
1654789810.9002109,0.9,-0.04,0.04
1654789810.939683,0.93,-0.07,0.04
1654789810.9786382,0.98,-0.09,0.02
1654789811.018085,0.78,-0.05,-0.02
1654789811.057405,0.79,-0.03,0.02
1654789811.096422,1.7,-0.05,0.1
1654789811.1357691,1.2,-0.1,0.14
1654789811.174751,1.07,-0.07,0.1
1654789811.2140539,0.76,-0.04,0.04
1654789811.253014,0.76,-0.03,0.05
1654789811.2922518,0.87,-0.05,0.06
1654789811.3316832,0.79,-0.08,0.05
1654789811.3706748,0.67,-0.05,0.07
1654789811.410145,0.78,-0.05,0.07
1654789811.449025,0.51,-0.04,0.04
1654789811.488037,0.69,0.01,0.05
1654789811.527692,0.84,-0.03,0.08
1654789811.566719,0.65,-0.04,0.04
1654789811.606127,0.99,-0.0,0.09
1654789811.645026,0.96,-0.05,0.11
1654789811.684108,0.6,-0.04,0.06
1654789811.7234812,0.83,0.0,0.08
1654789811.7625222,0.94,-0.06,0.11
1654789811.8021,0.68,-0.07,0.05
1654789811.841296,0.64,-0.03,0.05
1654789811.87997,0.86,-0.03,0.07
1654789811.919678,1.27,-0.13,0.11
1654789811.958508,1.1,-0.19,0.14
1654789811.9980989,1.05,-0.12,0.1
1654789812.037193,0.89,-0.04,0.06
1654789812.0763688,0.69,-0.03,0.04
1654789812.1156979,0.84,-0.04,0.03
1654789812.154523,0.62,-0.04,0.02
1654789812.1939578,0.91,0.01,0.08
1654789812.233099,0.89,-0.03,0.08
1654789812.272054,0.63,-0.03,0.04
1654789812.311627,0.93,-0.04,0.09
1654789812.350848,0.93,-0.06,0.09
1654789812.389971,1.14,-0.13,0.04
1654789812.429129,1.19,-0.13,-0.01
1654789812.468071,1.14,-0.09,0.0
1654789812.507471,1.43,-0.1,-0.02
1654789812.546815,1.29,-0.13,0.01
1654789812.58594,1.34,-0.09,0.01
1654789812.624752,0.88,-0.05,-0.01
1654789812.6642702,1.07,-0.02,-0.04
1654789812.7035022,1.01,-0.01,-0.02
1654789812.7425349,0.75,-0.01,-0.03
1654789812.7819421,0.86,0.0,-0.02
1654789812.8209789,0.89,0.02,-0.0
1654789812.860354,0.69,-0.0,-0.01
1654789812.899314,0.8,0.01,-0.01
1654789812.938803,0.54,-0.0,0.0
1654789812.9777138,0.55,0.0,0.02
1654789813.016702,0.68,-0.01,0.03
1654789813.056148,0.75,-0.02,0.02
1654789813.095248,0.58,-0.01,0.04
1654789813.134858,0.71,-0.02,0.04
1654789813.17379,1.52,-0.07,0.13
1654789813.213265,1.12,-0.12,0.16
1654789813.252265,1.03,-0.09,0.11
1654789813.291311,0.64,-0.06,0.06
1654789813.330821,0.86,-0.05,0.1
1654789813.369771,0.91,-0.09,0.06
1654789813.409318,0.94,-0.08,-0.03
1654789813.448166,1.1,-0.05,-0.03
1654789813.487443,1.02,-0.04,0.01
1654789813.526793,1.25,-0.04,-0.07
1654789813.565761,1.35,-0.05,-0.09
1654789813.605283,1.28,0.0,-0.02
1654789813.644423,1.16,0.04,-0.07
1654789813.683449,1.39,0.03,-0.09
1654789813.722838,1.33,0.03,-0.04
1654789813.761695,0.92,0.01,-0.02
1654789813.801388,0.85,-0.01,-0.02
1654789813.84026,0.56,-0.01,-0.01
1654789813.879807,0.85,0.0,0.06
1654789813.9188612,0.84,-0.04,0.07
1654789813.957647,1.23,-0.08,-0.05
1654789813.997117,1.25,-0.11,-0.03
1654789814.0360398,1.2,-0.09,0.01
1654789814.0756512,1.52,-0.14,0.13
1654789814.114799,1.15,-0.2,0.14
1654789814.154081,1.19,-0.14,0.07
1654789814.193121,0.83,-0.07,0.01
1654789814.2319648,1.12,-0.06,-0.05
1654789814.271274,1.04,-0.04,-0.04
1654789814.310549,0.77,-0.02,-0.01
1654789814.349948,0.87,-0.04,0.09
1654789814.3890612,0.83,-0.06,0.05
1654789814.4279869,0.67,-0.07,0.02
1654789814.467529,0.82,-0.06,0.03
1654789814.506422,0.83,-0.05,0.01
1654789814.545825,0.49,-0.03,0.01
1654789814.5850098,0.83,-0.01,-0.04
1654789814.6242418,0.91,0.02,-0.03
1654789814.663501,0.94,0.04,-0.07
1654789814.702518,1.13,0.02,-0.08
1654789814.7417579,1.11,0.04,-0.03
1654789814.780905,0.65,0.01,-0.0
1654789814.820331,0.89,0.0,-0.06
1654789814.859509,0.99,0.0,-0.02
1654789814.898564,0.66,-0.0,0.0
1654789814.937943,0.68,0.0,0.0
1654789814.976762,0.38,-0.01,0.01
1654789815.01629,0.5,0.01,0.04
1654789815.055361,0.65,0.01,0.04
1654789815.0945642,0.84,-0.03,0.03
1654789815.1340082,0.78,-0.04,-0.05
1654789815.172889,1.01,-0.01,-0.04
1654789815.211893,0.78,0.01,-0.03
1654789815.251499,0.63,0.01,-0.0
1654789815.29052,0.72,0.0,-0.0
1654789815.330282,0.71,-0.02,-0.01
1654789815.368952,0.53,-0.02,0.02
1654789815.408565,0.7,-0.02,0.04
1654789815.447503,0.48,-0.03,0.02
1654789815.486273,0.88,-0.01,0.07
1654789815.525892,0.87,-0.05,0.09
1654789815.5649369,0.59,-0.06,0.04
1654789815.6044621,0.63,-0.02,0.04
1654789815.6433752,0.87,-0.02,0.06
1654789815.682367,1.32,-0.12,0.15
1654789815.7217011,1.21,-0.17,0.12
1654789815.7609751,1.12,-0.12,0.09
1654789815.800552,1.52,-0.18,0.15
1654789815.839453,1.19,-0.2,0.11
1654789815.878758,1.09,-0.14,0.05
1654789815.917802,1.28,-0.25,0.04
1654789815.956862,1.16,-0.26,0.01
1654789815.996437,1.16,-0.18,-0.0
1654789816.035418,1.43,-0.12,-0.1
1654789816.074871,1.46,-0.19,-0.07
1654789816.113899,1.36,-0.13,-0.03
1654789816.153064,0.96,-0.07,-0.05
1654789816.1924422,1.21,-0.05,-0.08
1654789816.231511,1.21,-0.02,-0.05
1654789816.2706501,0.79,-0.01,-0.02
1654789816.30999,0.81,-0.01,-0.01
1654789816.348938,0.86,0.0,-0.01
1654789816.3883672,0.56,0.0,0.0
1654789816.427448,0.66,0.0,-0.0
1654789816.466791,0.46,-0.01,-0.01
1654789816.505813,0.66,0.02,0.06
1654789816.5457752,0.76,-0.03,0.07
1654789816.584608,0.59,-0.03,0.04
1654789816.623298,1.0,-0.02,0.12
1654789816.662724,0.92,-0.05,0.12
1654789816.702098,1.46,-0.04,0.09
1654789816.741226,1.27,-0.05,0.16
1654789816.780423,1.04,-0.08,0.12
1654789816.819454,1.58,-0.17,0.18
1654789816.858761,1.16,-0.17,0.2
1654789816.898144,1.02,-0.13,0.11
1654789816.9373262,1.12,-0.09,-0.05
1654789816.976297,1.33,-0.1,-0.1
1654789817.015498,1.24,-0.05,-0.06
1654789817.054728,0.75,-0.04,-0.03
1654789817.093732,0.8,-0.01,-0.01
1654789817.133311,0.86,0.0,-0.02
1654789817.172241,0.9,-0.0,-0.05
1654789817.211262,0.92,0.0,-0.03
1654789817.2508428,0.86,0.02,-0.0
1654789817.290036,0.9,-0.02,0.08
1654789817.329312,0.8,-0.05,0.05
1654789817.368303,0.58,-0.05,0.03
1654789817.4073532,0.69,-0.03,0.08
1654789817.446823,0.81,-0.07,0.09
1654789817.485883,1.3,-0.16,0.17
1654789817.525503,1.06,-0.17,0.18
1654789817.56409,0.99,-0.13,0.1
1654789817.603086,1.5,-0.13,0.12
1654789817.6427038,1.2,-0.15,0.12
1654789817.681908,1.1,-0.11,0.04
1654789817.7213912,0.75,-0.06,-0.02
1654789817.760334,1.1,-0.06,-0.06
1654789817.799382,1.06,-0.03,-0.04
1654789817.838772,1.3,-0.04,-0.06
1654789817.877783,1.34,-0.03,-0.09
1654789817.9172401,1.22,-0.02,-0.03
1654789817.956219,0.79,-0.01,-0.01
1654789817.995181,0.83,-0.01,0.01
1654789818.034656,0.94,-0.03,0.01
1654789818.073695,1.18,-0.11,0.02
1654789818.113386,1.16,-0.09,-0.04
1654789818.1524749,1.52,-0.12,-0.04
1654789818.1917598,1.16,-0.18,-0.08
1654789818.2306402,1.21,-0.12,-0.02
1654789818.269709,1.12,-0.09,-0.02
1654789818.3092558,1.7,-0.14,0.11
1654789818.348334,1.3,-0.15,0.16
1654789818.387844,0.91,-0.09,0.04
1654789818.42673,1.0,-0.07,0.04
1654789818.465594,1.06,-0.06,0.0
1654789818.5054662,1.04,-0.06,0.02
1654789818.5441148,0.66,-0.06,0.02
1654789818.583673,1.62,-0.05,0.01
1654789818.622595,1.18,-0.12,0.1
1654789818.661629,1.03,-0.06,0.08
1654789818.7012548,0.99,-0.07,0.05
1654789818.740094,0.6,-0.05,0.03
1654789818.779686,0.65,-0.02,0.04
1654789818.818579,0.86,-0.02,0.07
1654789818.857758,0.92,-0.03,-0.04
1654789818.8973608,1.1,-0.05,-0.04
1654789818.936057,1.08,-0.05,0.01
1654789818.975668,0.61,-0.04,0.01
1654789819.014543,0.89,-0.01,0.08
1654789819.053704,0.93,-0.04,0.06
1654789819.093174,0.86,-0.05,0.04
1654789819.1322129,1.18,0.01,0.09
1654789819.1715531,0.96,0.0,0.11
1654789819.210577,0.93,-0.04,0.07
1654789819.2496278,0.64,-0.01,0.04
1654789819.289238,0.79,-0.03,0.04
1654789819.328168,0.49,-0.03,0.03
1654789819.367483,0.77,0.0,0.05
1654789819.406684,0.76,-0.01,0.07
1654789819.446145,1.42,-0.01,0.07
1654789819.485157,1.22,-0.06,0.14
1654789819.52404,0.99,-0.06,0.11
1654789819.5636811,0.79,-0.04,0.06
1654789819.602624,1.0,-0.06,0.13
1654789819.641849,0.93,-0.07,0.08
1654789819.681176,1.13,-0.1,-0.08
1654789819.720047,1.31,-0.11,-0.08
1654789819.759495,1.18,-0.09,-0.03
1654789819.7988591,0.81,-0.04,-0.04
1654789819.838345,1.05,-0.03,-0.08
1654789819.877275,0.8,-0.01,-0.06
1654789819.916526,0.62,0.0,0.0
1654789819.9557161,0.74,-0.01,0.02
1654789819.994532,0.85,-0.05,0.03
1654789820.0340421,1.18,-0.19,0.13
1654789820.0729358,1.01,-0.13,0.07
1654789820.112385,1.47,-0.05,0.08
1654789820.1514418,1.12,-0.1,0.16
1654789820.1908832,1.03,-0.1,0.07
1654789820.229933,1.06,-0.12,0.05
1654789820.268966,1.4,-0.13,-0.09
1654789820.308506,1.62,-0.18,-0.03
1654789820.347543,1.13,-0.09,-0.01
1654789820.38671,0.8,-0.04,0.01
1654789820.4259799,0.87,-0.04,0.01
1654789820.464978,0.56,-0.03,0.01
1654789820.5043368,0.78,0.01,0.05
1654789820.543454,0.79,0.0,0.07
1654789820.582873,0.74,-0.02,0.04
1654789820.621896,0.59,-0.01,0.05
1654789820.661153,0.76,-0.02,0.04
1654789820.7002869,0.45,-0.03,0.04
1654789820.7394,0.63,0.01,0.04
1654789820.779115,0.76,0.0,0.04
1654789820.817794,0.53,0.0,0.02
1654789820.857238,0.89,0.03,0.06
1654789820.8963451,0.91,-0.02,0.06
1654789820.93545,1.34,-0.03,0.06
1654789820.9746659,1.27,-0.04,0.14
1654789821.013674,1.05,-0.05,0.12
1654789821.053377,1.77,-0.07,0.1
1654789821.0922291,1.47,-0.09,0.17
1654789821.131548,1.13,-0.1,0.11
1654789821.171158,0.65,-0.08,0.06
1654789821.209996,1.09,-0.01,0.1
1654789821.249038,1.04,-0.03,0.09
1654789821.2883499,1.62,-0.04,0.06
1654789821.3272588,1.46,-0.04,0.14
1654789821.366859,1.13,-0.05,0.12
1654789821.4061692,1.87,-0.06,0.13
1654789821.4449081,1.42,-0.06,0.17
1654789821.484305,1.14,-0.07,0.11
1654789821.523464,1.22,-0.1,-0.04
1654789821.562759,1.28,-0.12,-0.06
1654789821.601908,1.2,-0.1,-0.02
1654789821.641304,1.42,-0.09,-0.04
1654789821.680577,1.32,-0.11,0.0
1654789821.7195892,1.33,-0.05,0.02
1654789821.758961,0.95,-0.03,-0.03
1654789821.798038,1.07,-0.06,-0.04
1654789821.8374689,1.09,-0.04,-0.02
1654789821.876462,0.73,-0.02,0.0
1654789821.9154198,0.89,-0.04,0.09
1654789821.954806,0.84,-0.06,0.05
1654789821.993875,0.68,-0.07,0.03
1654789822.0328069,0.65,-0.03,0.04
1654789822.072341,0.86,-0.03,0.06
1654789822.111406,0.99,-0.06,-0.04
1654789822.150961,0.97,-0.04,-0.01
1654789822.189983,1.03,-0.03,0.02
1654789822.22942,0.82,-0.02,0.02
1654789822.2683678,0.69,-0.01,0.04
1654789822.307654,0.61,-0.02,0.02
1654789822.347017,0.46,-0.04,0.03
1654789822.38594,0.64,-0.03,0.04
1654789822.425389,0.71,-0.04,0.02
1654789822.4642859,0.76,-0.06,0.02
1654789822.503351,0.52,-0.04,0.03
1654789822.5427651,1.64,0.02,0.03
1654789822.5816069,1.18,-0.05,0.11
1654789822.621171,0.98,-0.04,0.06
1654789822.660466,0.96,-0.06,0.05
1654789822.699845,1.04,-0.07,0.04
1654789822.738889,1.63,-0.08,0.06
1654789822.777766,1.26,-0.1,0.13
1654789822.817176,1.09,-0.07,0.07
1654789822.8562272,1.66,-0.2,0.14
1654789822.895783,1.17,-0.17,0.17
1654789822.9348722,0.99,-0.12,0.12
1654789822.974158,0.94,-0.07,0.04
1654789823.0131772,1.33,-0.07,-0.09
1654789823.052255,1.3,-0.1,-0.07
1654789823.0918531,1.11,-0.04,-0.03
1654789823.1307719,0.95,-0.08,0.08
1654789823.170314,0.89,-0.11,0.07
1654789823.20913,1.0,-0.11,0.03
1654789823.248768,1.25,-0.12,-0.04
1654789823.288125,1.25,-0.11,-0.04
1654789823.3268511,1.17,-0.04,0.0
1654789823.366198,0.78,-0.02,-0.03
1654789823.405536,1.16,-0.03,-0.09
1654789823.444704,1.13,-0.02,-0.04
1654789823.483808,1.29,-0.13,0.08
1654789823.522825,1.19,-0.15,0.06
1654789823.562049,1.21,-0.09,0.03
1654789823.6012301,1.55,-0.08,0.05
1654789823.6406431,1.15,-0.13,0.11
1654789823.6794748,1.05,-0.11,0.06
1654789823.718922,1.27,-0.2,0.07
1654789823.758123,1.06,-0.24,0.13
1654789823.797195,1.0,-0.16,0.05
1654789823.836693,0.95,-0.09,0.05
1654789823.875682,1.39,-0.13,0.1
1654789823.914952,1.18,-0.14,0.06
1654789823.9540071,1.02,-0.07,-0.01
1654789823.993029,0.94,-0.05,0.0
1654789824.0326982,0.91,-0.03,0.01
1654789824.071469,1.91,-0.1,0.13
1654789824.110973,1.28,-0.12,0.15
1654789824.15009,1.14,-0.08,0.09
1654789824.189568,1.68,-0.14,0.11
1654789824.228699,1.25,-0.15,0.17
1654789824.267665,1.05,-0.13,0.1
1654789824.307033,0.56,-0.08,0.06
1654789824.345885,0.86,-0.05,0.1
1654789824.385427,0.89,-0.06,0.1
1654789824.4245389,1.73,-0.13,0.17
1654789824.463541,1.29,-0.12,0.18
1654789824.5028741,1.08,-0.1,0.13
1654789824.542023,0.63,-0.06,0.06
1654789824.581509,0.75,-0.05,0.08
1654789824.620335,0.86,-0.06,0.08
1654789824.659589,1.75,-0.03,0.06
1654789824.6988218,1.31,-0.06,0.13
1654789824.7380118,1.08,-0.08,0.13
1654789824.77735,1.56,-0.21,0.22
1654789824.8163798,1.15,-0.17,0.2
1654789824.8555572,1.03,-0.14,0.15
1654789824.894836,1.55,-0.2,0.19
1654789824.933988,1.11,-0.19,0.22
1654789824.973304,1.03,-0.12,0.12
1654789825.0123389,1.53,-0.21,0.16
1654789825.05148,1.13,-0.18,0.19
1654789825.090843,1.02,-0.14,0.1
1654789825.129936,0.77,-0.11,0.03
1654789825.169297,1.09,-0.08,-0.04
1654789825.208305,1.03,-0.05,-0.04
1654789825.247531,1.5,-0.15,0.15
1654789825.2868428,1.21,-0.16,0.12
1654789825.3257449,1.17,-0.11,0.06
1654789825.365273,1.0,-0.06,-0.04
1654789825.404427,1.2,-0.07,-0.06
1654789825.443969,1.13,-0.07,-0.04
1654789825.482783,1.34,-0.06,-0.08
1654789825.5217762,1.36,-0.06,-0.09
1654789825.561171,1.3,-0.04,-0.06
1654789825.600339,0.86,-0.01,-0.06
1654789825.639842,1.11,-0.03,-0.11
1654789825.6787179,1.06,-0.02,-0.05
1654789825.717717,1.35,-0.16,0.14
1654789825.757167,1.0,-0.16,0.16
1654789825.796194,1.08,-0.1,0.09
1654789825.835649,1.3,-0.11,0.03
1654789825.874627,1.22,-0.17,0.07
1654789825.914169,1.17,-0.13,0.04
1654789825.9532979,0.78,-0.09,0.01
1654789825.992393,1.13,-0.06,-0.05
1654789826.0315368,1.1,-0.03,-0.03
1654789826.07076,1.27,-0.07,-0.03
1654789826.1101491,1.26,-0.05,-0.06
1654789826.149239,1.21,-0.02,-0.01
1654789826.1881778,0.98,0.0,-0.07
1654789826.227678,1.09,-0.04,-0.03
1654789826.26662,1.13,-0.06,-0.03
1654789826.306079,1.32,-0.05,-0.09
1654789826.34528,1.36,-0.06,-0.1
1654789826.384205,1.05,-0.02,-0.06
1654789826.4235678,0.77,-0.01,-0.02
1654789826.462454,0.77,-0.01,0.0
1654789826.5018408,0.87,-0.04,0.01
1654789826.541269,1.01,-0.05,-0.08
1654789826.580051,1.09,-0.04,-0.06
1654789826.619589,0.6,-0.02,-0.03
1654789826.658667,0.7,-0.0,0.03
1654789826.6981068,0.81,-0.01,0.03
1654789826.736959,0.9,-0.05,0.01
1654789826.776663,0.57,-0.04,0.03
1654789826.815477,0.66,-0.01,0.01
1654789826.854678,0.42,-0.02,0.02
1654789826.8941991,0.43,-0.02,0.03
1654789826.9330812,0.55,-0.0,0.02
1654789826.972439,0.78,-0.03,0.04
1654789827.011703,0.58,-0.02,0.04
1654789827.050812,0.73,-0.03,0.04
1654789827.0901299,1.6,-0.02,0.05
1654789827.129038,1.19,-0.07,0.12
1654789827.168344,1.04,-0.06,0.11
1654789827.207407,1.01,-0.07,0.05
1654789827.246974,0.74,-0.05,0.02
1654789827.285952,0.85,-0.05,0.02
1654789827.3249369,0.84,-0.03,-0.05
1654789827.364343,1.19,-0.04,-0.06
1654789827.403518,1.07,-0.01,-0.03
1654789827.442857,0.98,-0.01,0.0
1654789827.481857,0.65,-0.0,0.01
1654789827.520823,0.8,0.01,-0.0
1654789827.560213,0.57,-0.01,0.0
1654789827.599128,0.69,0.01,0.02
1654789827.638888,0.73,0.01,0.0
1654789827.6780329,0.48,-0.01,-0.0
1654789827.717338,0.52,-0.0,0.02
1654789827.756394,0.75,0.0,0.03
1654789827.7957618,0.6,-0.01,-0.0
1654789827.834888,0.89,-0.02,-0.01
1654789827.873791,0.95,0.02,0.0
1654789827.913174,1.4,-0.04,0.13
1654789827.952171,1.1,-0.11,0.13
1654789827.9917052,1.13,-0.09,0.09
1654789828.0307908,1.64,-0.25,0.17
1654789828.069762,1.13,-0.2,0.19
1654789828.10926,1.04,-0.15,0.11
1654789828.1482081,0.91,-0.08,-0.01
1654789828.187652,1.26,-0.09,-0.08
1654789828.2269068,1.17,-0.07,-0.06
1654789828.265687,0.94,-0.04,-0.01
1654789828.3051589,0.59,-0.04,0.01
1654789828.3443031,0.94,-0.01,-0.04
1654789828.383738,0.91,-0.01,-0.02
1654789828.422629,0.96,-0.02,0.01
1654789828.461568,0.86,-0.03,0.03
1654789828.501086,0.87,-0.04,0.04
1654789828.540458,0.75,-0.05,-0.04
1654789828.579713,1.38,-0.2,-0.01
1654789828.6187441,1.09,-0.12,-0.02
1654789828.6577542,0.83,-0.04,0.03
1654789828.697197,0.82,-0.05,0.03
1654789828.736088,0.91,-0.1,0.04
1654789828.7755158,0.91,-0.09,0.01
1654789828.814625,0.6,-0.03,0.02
1654789828.853733,0.6,-0.0,0.01
1654789828.8932,0.56,-0.0,0.02
1654789828.932197,0.74,-0.03,0.03
1654789828.9716108,0.79,-0.06,0.03
1654789829.010466,0.63,-0.03,0.02
1654789829.0497339,0.57,-0.03,0.03
1654789829.089227,0.78,-0.02,0.03
1654789829.1282759,1.02,-0.04,-0.09
1654789829.167597,1.24,-0.07,-0.09
1654789829.206963,1.16,-0.04,-0.03
1654789829.245688,0.98,-0.01,0.0
1654789829.285227,0.67,-0.01,0.01
1654789829.324123,0.89,0.0,-0.02
1654789829.363604,1.58,-0.05,0.06
1654789829.4026618,1.21,-0.09,0.13
1654789829.441725,1.01,-0.06,0.07
1654789829.481455,0.63,-0.04,0.03
1654789829.5203352,0.83,-0.04,0.06
1654789829.5591779,1.02,-0.08,0.09
1654789829.5986612,0.93,-0.09,-0.01
1654789829.637868,1.0,-0.07,-0.03
1654789829.677135,1.02,-0.06,-0.0
1654789829.716152,1.07,-0.07,0.0
1654789829.755339,0.92,-0.05,0.04
1654789829.794694,0.78,-0.04,0.01
1654789829.833778,0.9,-0.06,0.07
1654789829.873205,1.22,-0.15,0.04
1654789829.912232,1.14,-0.2,0.13
1654789829.95154,1.04,-0.12,0.06
1654789829.990669,0.66,-0.05,0.04
1654789830.02981,0.75,-0.03,0.01
1654789830.069249,0.96,-0.02,-0.09
1654789830.1082308,0.79,-0.14,0.09
1654789830.14722,0.86,-0.05,0.06
1654789830.1867242,1.26,-0.07,-0.02
1654789830.225709,1.07,-0.16,-0.01
1654789830.2652302,1.19,-0.09,-0.03
1654789830.304419,0.81,-0.05,-0.03
1654789830.3435671,0.95,-0.03,-0.06
1654789830.382761,0.92,-0.03,-0.02
1654789830.421748,1.12,-0.07,-0.02
1654789830.461204,1.13,-0.03,-0.04
1654789830.500382,0.75,-0.01,-0.01
1654789830.5393732,0.96,-0.03,0.06
1654789830.578779,0.97,-0.08,0.1
1654789830.617695,0.94,-0.1,0.05
1654789830.657255,0.64,-0.06,0.03
1654789830.696374,0.68,-0.04,0.02
1654789830.735306,0.63,-0.03,0.03
1654789830.77471,0.94,-0.0,0.08
1654789830.813699,0.95,-0.05,0.1
1654789830.853415,0.62,-0.05,0.06
1654789830.892407,0.7,-0.03,0.06
1654789830.931346,1.0,-0.05,0.1
1654789830.970691,0.91,-0.05,0.06
1654789831.0098681,1.23,-0.02,0.12
1654789831.049367,1.12,-0.05,0.13
1654789831.088237,0.73,-0.03,0.06
1654789831.1273248,0.93,0.01,0.06
1654789831.166629,1.09,-0.03,0.11
1654789831.205761,1.36,-0.15,0.19
1654789831.245258,1.17,-0.16,0.2
1654789831.2843058,0.98,-0.11,0.09
1654789831.323215,0.82,-0.07,0.05
1654789831.362686,0.67,-0.03,0.05
1654789831.401838,0.97,-0.06,0.06
1654789831.441313,1.25,-0.09,-0.08
1654789831.480181,1.26,-0.09,-0.05
1654789831.5191581,1.09,-0.04,0.0
1654789831.558649,0.79,-0.02,0.0
1654789831.5977669,1.06,-0.04,0.09
1654789831.637088,1.02,-0.07,0.06
1654789831.6761549,0.65,-0.06,0.02
1654789831.7154188,0.71,-0.05,0.01
1654789831.7546382,0.85,-0.05,0.01
1654789831.793826,1.38,-0.06,0.06
1654789831.833248,1.16,-0.08,0.13
1654789831.8720791,0.93,-0.05,0.04
1654789831.9111428,0.62,-0.03,0.01
1654789831.950476,0.68,-0.03,0.01
1654789831.9894552,0.89,-0.06,0.02
1654789832.029162,1.21,-0.07,0.06
1654789832.068046,1.07,-0.07,0.14
1654789832.107566,0.89,-0.04,0.04
1654789832.1465821,0.63,-0.04,0.03
1654789832.185575,0.75,-0.04,0.02
1654789832.225127,0.9,-0.07,0.01
1654789832.264135,0.72,-0.05,-0.02
1654789832.303649,0.8,-0.02,-0.04
1654789832.34274,0.8,-0.03,-0.01
1654789832.3820999,0.52,-0.02,0.0
1654789832.421023,0.52,-0.01,-0.01
1654789832.460224,0.71,-0.01,-0.01
1654789832.500067,0.42,-0.03,0.02
1654789832.538552,0.56,-0.0,0.01
1654789832.577803,0.79,-0.04,0.03
1654789832.616797,0.58,-0.03,0.0
1654789832.656607,0.65,-0.02,-0.01
1654789832.6956952,0.69,-0.02,0.0
1654789832.7344608,0.41,-0.03,0.01
1654789832.77406,0.55,-0.01,0.01
1654789832.8129642,0.48,-0.01,-0.0
1654789832.8523562,0.71,-0.01,0.05
1654789832.891534,0.92,-0.02,0.09
1654789832.930885,0.78,-0.03,0.05
1654789832.969801,1.19,-0.0,0.09
1654789833.009054,1.13,-0.04,0.13
1654789833.04831,0.77,-0.03,0.06
1654789833.08736,0.99,-0.04,0.1
1654789833.126911,0.97,-0.1,0.12
1654789833.165864,1.21,-0.12,-0.08
1654789833.204959,1.14,-0.21,0.06
1654789833.244425,1.08,-0.1,0.06
1654789833.2833421,0.76,-0.02,0.03
1654789833.322739,0.89,-0.04,0.11
1654789833.3617878,0.91,-0.08,0.09
1654789833.4012532,1.13,-0.1,-0.07
1654789833.440314,1.18,-0.1,-0.09
1654789833.47949,1.02,-0.04,-0.02
1654789833.5187788,0.83,-0.02,-0.0
1654789833.5577521,0.93,-0.04,0.1
1654789833.5972989,0.94,-0.07,0.05
1654789833.636445,1.28,-0.1,-0.1
1654789833.675455,1.1,-0.1,-0.03
1654789833.715231,1.04,-0.05,0.03
1654789833.7539468,1.32,-0.08,-0.04
1654789833.793132,1.32,-0.1,-0.04
1654789833.832226,1.28,-0.05,-0.04
1654789833.8713,1.28,-0.03,-0.09
1654789833.910906,1.31,-0.02,-0.1
1654789833.9499362,1.16,-0.02,-0.03
1654789833.989331,0.72,-0.0,0.0
1654789834.0281441,0.65,-0.01,0.0
1654789834.0672011,0.83,-0.04,0.0
1654789834.1070662,1.05,-0.07,-0.08
1654789834.145895,1.03,-0.03,-0.07
1654789834.1852942,0.61,-0.01,-0.03
1654789834.2242932,0.75,0.01,0.03
1654789834.2631092,1.0,-0.02,0.08
1654789834.302648,0.99,-0.08,0.03
1654789834.341839,1.23,-0.13,0.02
1654789834.381233,1.17,-0.13,0.0
1654789834.4203148,1.59,-0.17,0.11
1654789834.459743,1.19,-0.18,0.11
1654789834.498813,1.11,-0.12,0.0
1654789834.537567,0.76,-0.07,0.0
1654789834.577227,0.83,-0.04,0.05
1654789834.6160698,0.98,-0.07,0.1
1654789834.655566,1.28,-0.22,0.15
1654789834.694726,1.15,-0.21,0.19
1654789834.7335439,0.96,-0.13,0.08
1654789834.773095,0.59,-0.06,0.04
1654789834.812329,0.87,-0.02,0.07
1654789834.851149,1.02,-0.07,0.11
1654789834.890846,1.29,-0.1,-0.09
1654789834.9299462,1.24,-0.1,-0.07
1654789834.969051,1.06,-0.05,0.01
1654789835.0080929,1.3,-0.04,0.06
1654789835.047387,1.17,-0.11,0.14
1654789835.0867689,1.07,-0.08,0.03
1654789835.1258109,0.73,-0.07,0.01
1654789835.1651862,0.84,-0.05,-0.01
1654789835.2042198,0.93,-0.05,0.0
1654789835.243155,1.23,-0.12,0.1
1654789835.282785,1.07,-0.12,0.05
1654789835.321609,1.02,-0.06,0.03
1654789835.3610601,0.66,-0.05,0.02
1654789835.4002361,0.71,-0.05,0.01
1654789835.439577,0.87,-0.06,0.02
1654789835.4787111,0.48,-0.05,0.04
1654789835.517566,0.59,-0.04,0.01
1654789835.557141,0.8,-0.04,0.01
1654789835.5963259,0.57,-0.03,0.01
1654789835.635435,0.58,-0.03,-0.01
1654789835.674512,0.54,-0.01,-0.0
1654789835.713624,0.4,-0.03,0.02
1654789835.753077,0.65,-0.01,0.04
1654789835.7921999,0.77,-0.05,0.03
1654789835.83152,0.49,-0.04,0.03
1654789835.870492,0.54,-0.02,0.01
1654789835.910059,0.45,-0.02,0.01
1654789835.9492538,0.77,0.0,0.05
1654789835.988034,0.88,-0.04,0.08
1654789836.027343,1.44,-0.07,0.08
1654789836.066389,1.31,-0.08,0.14
1654789836.106068,1.06,-0.09,0.15
1654789836.14506,1.14,-0.09,-0.05
1654789836.184192,1.18,-0.1,-0.08
1654789836.223472,1.19,-0.07,-0.02
1654789836.262568,1.47,-0.05,-0.13
1654789836.301944,1.47,-0.09,-0.12
1654789836.340863,1.05,-0.04,-0.08
1654789836.3798301,0.71,-0.02,-0.03
1654789836.419329,0.8,-0.02,0.03
1654789836.458482,0.81,-0.04,-0.01
1654789836.4978619,0.52,-0.04,0.02
1654789836.536952,0.59,-0.02,0.01
1654789836.576069,0.51,-0.0,-0.01
1654789836.6154828,0.63,-0.0,0.03
1654789836.65448,0.88,-0.02,0.08
1654789836.693652,0.55,-0.02,0.04
1654789836.732924,0.53,-0.03,0.04
1654789836.7719219,0.84,-0.02,0.06
1654789836.811332,0.59,-0.04,0.02
1654789836.850513,0.49,-0.03,0.03
1654789836.889459,0.81,0.0,0.04
1654789836.928989,1.1,-0.01,0.02
1654789836.9679492,1.24,-0.03,0.12
1654789837.007541,1.09,-0.04,0.12
1654789837.046499,1.52,-0.1,0.11
1654789837.0854242,1.34,-0.14,0.18
1654789837.125091,1.1,-0.11,0.1
1654789837.164063,1.42,-0.13,-0.03
1654789837.20365,1.27,-0.23,0.09
1654789837.242621,1.15,-0.14,0.01
1654789837.281766,1.11,-0.06,-0.08
1654789837.320842,1.14,-0.05,-0.06
1654789837.360184,1.16,-0.05,-0.03
1654789837.399395,1.45,-0.08,-0.07
1654789837.438648,1.46,-0.1,-0.07
1654789837.477469,1.32,-0.03,-0.05
1654789837.517217,0.96,-0.02,-0.04
1654789837.556107,1.01,-0.01,-0.04
1654789837.595037,0.96,-0.01,-0.02
1654789837.634707,0.69,-0.02,-0.04
1654789837.67378,0.91,0.0,-0.08
1654789837.7128599,0.86,-0.01,-0.02
1654789837.752382,0.56,-0.02,0.0
1654789837.7910972,0.67,-0.01,-0.02
1654789837.830301,0.8,-0.02,-0.02
1654789837.869628,0.48,-0.03,0.01
1654789837.90893,0.54,-0.02,0.0
1654789837.948427,0.77,-0.02,0.0
1654789837.987506,0.51,-0.01,0.0
1654789838.026174,0.64,-0.02,-0.02
1654789838.0658188,0.51,-0.02,0.01
1654789838.104853,0.78,0.0,0.07
1654789838.144228,0.88,-0.02,0.08
1654789838.183338,0.64,-0.02,0.03
1654789838.222176,0.53,-0.04,0.04
1654789838.261727,0.86,-0.03,0.07
1654789838.301065,1.13,-0.13,0.15
1654789838.340111,1.08,-0.17,0.18
1654789838.379464,0.93,-0.1,0.08
1654789838.418405,0.99,-0.06,0.06
1654789838.457751,1.25,-0.06,0.14
1654789838.496775,1.1,-0.08,0.09
1654789838.536246,1.42,-0.24,0.16
1654789838.575278,1.12,-0.2,0.18
1654789838.614387,0.94,-0.13,0.09
1654789838.653808,1.21,-0.14,0.09
1654789838.6930182,1.12,-0.22,0.14
1654789838.732212,1.08,-0.14,0.03
1654789838.771369,1.43,-0.16,-0.01
1654789838.810497,1.15,-0.23,0.01
1654789838.8499782,1.1,-0.13,-0.01
1654789838.889017,1.12,-0.05,-0.05
1654789838.928373,1.21,-0.04,-0.11
1654789838.9672499,1.17,-0.04,-0.03
1654789839.0062132,0.77,-0.03,-0.02
1654789839.045963,0.9,-0.02,-0.07
1654789839.085027,0.87,-0.0,-0.02
1654789839.124311,0.66,0.0,-0.02
1654789839.163351,0.73,0.0,-0.04
1654789839.202538,0.73,-0.01,-0.02
1654789839.241843,0.48,-0.02,0.0
1654789839.2810109,0.61,-0.0,-0.01
1654789839.3203552,0.79,-0.02,0.01
1654789839.359458,0.51,-0.03,0.02
1654789839.3985019,0.57,-0.02,0.02
1654789839.4378471,0.77,-0.04,0.03
1654789839.476778,0.48,-0.03,0.04
1654789839.516284,0.51,-0.02,0.02
1654789839.5554402,0.79,-0.03,0.03
1654789839.594493,0.67,-0.02,0.01
1654789839.63412,0.68,-0.02,-0.0
1654789839.672868,0.72,-0.01,0.01
1654789839.712317,0.92,-0.03,0.1
1654789839.751452,0.9,-0.04,0.1
1654789839.790394,0.82,-0.05,0.05
1654789839.829993,0.58,-0.04,0.04
1654789839.868843,0.82,-0.04,0.05
1654789839.908349,1.47,-0.12,0.18
1654789839.947616,1.17,-0.12,0.2
1654789839.986489,0.94,-0.08,0.09
1654789840.025663,0.76,-0.05,0.05
1654789840.064877,0.59,-0.02,0.05
1654789840.1039512,0.92,-0.04,0.09
1654789840.143203,0.67,-0.04,0.04
1654789840.1823559,0.77,-0.04,0.02
1654789840.221844,0.84,-0.03,0.01
1654789840.260969,1.32,-0.04,0.05
1654789840.3000371,1.14,-0.1,0.14
1654789840.339349,0.99,-0.06,0.05
1654789840.378322,0.66,-0.04,0.02
1654789840.417946,0.82,-0.03,-0.01
1654789840.457078,0.92,-0.03,-0.0
1654789840.496067,1.64,-0.06,0.08
1654789840.5355,1.23,-0.11,0.15
1654789840.574507,0.98,-0.06,0.04
1654789840.613436,0.69,-0.03,0.03
1654789840.6530108,0.84,-0.05,0.05
1654789840.692068,0.93,-0.08,0.03
1654789840.731502,1.23,-0.16,0.13
1654789840.77041,1.01,-0.16,0.09
1654789840.809512,0.58,-0.07,0.05
1654789840.84885,0.83,-0.05,0.08
1654789840.888,1.03,-0.08,0.11
1654789840.9272692,1.02,-0.1,0.03
1654789840.966461,1.1,-0.05,-0.07
1654789841.005267,1.02,-0.04,-0.07
1654789841.045027,0.96,-0.02,0.02
1654789841.0840378,0.58,-0.04,0.03
1654789841.1235461,0.78,-0.04,-0.04
1654789841.1624541,0.8,-0.01,-0.02
1654789841.2015,0.48,-0.01,0.01
1654789841.2410398,0.68,0.01,-0.01
1654789841.280098,0.88,-0.01,-0.01
1654789841.319339,1.06,-0.02,0.09
1654789841.358476,0.99,-0.05,0.12
1654789841.397583,0.89,-0.04,-0.01
1654789841.4367979,1.05,-0.16,0.07
1654789841.476029,0.48,-0.13,0.05
1654789841.515352,0.48,-0.06,0.04
1654789841.5543702,0.95,0.01,0.03
1654789841.59336,0.73,0.01,-0.03
1654789841.632685,1.03,-0.11,-0.03
1654789841.671874,1.22,-0.05,-0.0
1654789841.711306,1.74,0.1,0.02
1654789841.750392,1.33,0.05,0.08
1654789841.789458,0.86,0.03,0.01
1654789841.828935,0.83,-0.0,-0.05
1654789841.867827,0.47,-0.02,-0.02
1654789841.906975,0.75,0.01,-0.05
1654789841.946408,1.11,-0.14,0.07
1654789841.9854238,0.77,-0.15,0.13
1654789842.024415,0.34,-0.1,0.08
1654789842.063779,0.48,-0.06,0.06
1654789842.102956,0.83,-0.04,0.1
1654789842.142314,1.25,-0.11,-0.13
1654789842.18138,0.98,-0.14,0.02
1654789842.22063,1.07,-0.23,0.15
1654789842.2595599,0.83,-0.19,0.15
1654789842.299188,0.71,-0.11,0.04
1654789842.338272,0.5,-0.07,0.03
1654789842.377235,0.85,-0.05,-0.06
1654789842.416752,0.49,-0.06,-0.02
1654789842.4558458,0.7,-0.03,-0.04
1654789842.495044,0.33,-0.03,-0.01
1654789842.5340931,0.43,-0.02,0.01
1654789842.572961,1.02,-0.04,-0.15
1654789842.61236,0.76,-0.11,0.01
1654789842.6518688,0.6,-0.09,0.02
1654789842.6908998,1.8,-0.06,0.04
1654789842.7298481,1.27,-0.05,0.12
1654789842.769002,0.78,-0.05,0.06
1654789842.808691,0.94,0.01,0.0
1654789842.8478239,1.0,-0.04,-0.01
1654789842.887281,1.05,-0.02,-0.09
1654789842.926239,2.12,-0.1,0.02
1654789842.9648268,1.37,-0.08,0.11
1654789843.004433,1.07,-0.08,0.12
1654789843.043654,0.9,-0.07,0.06
1654789843.0831811,0.52,-0.05,0.04
1654789843.122237,2.24,-0.04,-0.03
1654789843.161207,1.87,-0.05,0.1
1654789843.200759,1.41,-0.06,0.13
1654789843.239722,1.07,-0.07,0.08
1654789843.279058,0.57,-0.05,0.05
1654789843.318235,0.42,-0.05,0.02
1654789843.3571992,0.83,0.03,0.04
1654789843.396512,1.13,0.02,0.07
1654789843.435617,1.08,-0.04,-0.02
1654789843.475141,1.53,-0.19,0.14
1654789843.514037,0.97,-0.14,0.15
1654789843.553196,1.31,-0.09,-0.07
1654789843.59253,1.14,-0.17,0.07
1654789843.6315022,1.01,-0.09,0.02
1654789843.671041,0.67,-0.06,0.01
1654789843.71015,1.38,0.05,0.05
1654789843.749218,1.26,-0.01,-0.06
1654789843.788665,1.22,-0.04,-0.05
1654789843.827415,1.19,-0.02,-0.04
1654789843.867104,1.01,-0.02,-0.0
1654789843.906107,0.6,-0.02,0.01
1654789843.945177,0.61,-0.02,-0.04
1654789843.9845078,1.07,-0.03,-0.08
1654789844.023658,1.04,-0.01,-0.03
1654789844.062998,0.88,-0.02,-0.01
1654789844.1021109,0.41,-0.04,0.01
1654789844.140971,0.71,-0.06,0.01
1654789844.1804018,0.97,-0.06,0.04
1654789844.2196748,0.94,-0.09,-0.0
1654789844.25911,0.62,-0.06,-0.01
1654789844.297905,0.74,-0.03,0.01
1654789844.337091,0.98,-0.03,0.08
1654789844.37632,1.0,-0.07,0.03
1654789844.415571,0.99,-0.15,0.17
1654789844.4549398,0.92,-0.01,-0.11
1654789844.494077,0.68,0.0,-0.09
1654789844.533109,1.0,0.01,-0.09
1654789844.572204,0.96,-0.0,-0.02
1654789844.611316,0.95,-0.02,-0.06
1654789844.651072,0.54,-0.01,-0.04
1654789844.689933,0.62,-0.01,-0.01
1654789844.728731,0.88,-0.04,0.08
1654789844.768363,0.48,-0.03,0.06
1654789844.80762,0.56,-0.01,0.04
1654789844.8467178,0.76,-0.02,0.05
1654789844.886076,0.44,-0.04,0.04
1654789844.925042,0.6,-0.03,0.04
1654789844.964222,0.51,-0.02,0.01
1654789845.0034099,0.82,0.01,-0.01
1654789845.042667,0.75,-0.01,0.0
1654789845.082013,0.47,-0.03,0.01
1654789845.1211698,0.33,-0.03,-0.0
1654789845.160534,0.57,-0.01,0.03
1654789845.199776,0.86,-0.02,0.07
1654789845.238546,0.84,-0.06,0.03
1654789845.278025,0.42,-0.06,0.04
1654789845.31719,1.22,-0.07,-0.16
1654789845.356239,1.16,-0.13,0.03
1654789845.395541,1.01,-0.08,0.01
1654789845.434709,0.86,-0.05,-0.0
1654789845.474103,0.52,-0.06,0.02
1654789845.513172,0.25,-0.05,0.03
1654789845.552227,0.64,-0.04,-0.02
1654789845.591645,0.87,-0.07,0.03
1654789845.630532,0.39,-0.06,0.02
1654789845.6698,0.58,-0.01,0.02
1654789845.709188,0.56,-0.01,-0.03
1654789845.7480981,0.62,-0.14,0.05
1654789845.787638,0.76,-0.09,0.02
1654789845.826599,0.78,-0.07,0.04
1654789845.8656151,0.47,-0.05,0.03
1654789845.9051719,0.94,-0.01,-0.17
1654789845.944319,0.9,-0.16,-0.03
1654789845.983646,0.85,-0.11,0.02
1654789846.02267,0.86,-0.09,0.0
1654789846.061766,0.43,-0.06,-0.01
1654789846.1011908,0.66,-0.08,-0.06
1654789846.1401448,1.13,-0.17,-0.04
1654789846.1791139,0.94,-0.18,0.07
1654789846.218664,0.86,-0.11,0.01
1654789846.257598,1.76,-0.13,0.04
1654789846.297238,1.8,-0.12,0.17
1654789846.3362172,0.9,-0.08,0.1
1654789846.375272,0.57,-0.07,0.07
1654789846.4146051,1.03,-0.02,-0.03
1654789846.453812,1.83,-0.02,-0.03
1654789846.492825,1.72,-0.02,0.1
1654789846.532228,2.26,-0.01,0.16
1654789846.5710878,1.5,-0.07,0.19
1654789846.610722,1.24,-0.06,0.12
1654789846.649536,0.74,-0.06,0.06
1654789846.688719,0.95,-0.0,0.04
1654789846.7277818,1.92,0.05,-0.01
1654789846.767254,2.04,0.02,0.1
1654789846.80647,1.43,-0.01,0.11
1654789846.8455381,0.9,-0.04,0.06
1654789846.8851268,1.32,0.02,0.07
1654789846.923996,1.0,0.02,-0.01
1654789846.962942,1.27,-0.06,0.0
1654789847.002593,1.21,-0.06,-0.03
1654789847.041548,0.98,-0.04,-0.02
1654789847.081084,1.58,0.04,0.08
1654789847.1200058,0.96,0.02,0.05
1654789847.159086,1.19,0.07,0.03
1654789847.198569,1.18,0.02,0.08
1654789847.2375958,0.65,-0.01,0.05
1654789847.277026,0.4,-0.02,0.05
1654789847.316032,0.57,-0.0,0.01
1654789847.355094,0.35,-0.02,0.01
1654789847.394603,0.8,-0.02,-0.05
1654789847.433528,0.9,-0.05,-0.03
1654789847.473105,0.59,-0.03,-0.03
1654789847.511866,0.61,-0.02,-0.05
1654789847.550963,0.47,-0.02,-0.03
1654789847.590323,0.62,-0.02,-0.03
1654789847.629428,0.82,-0.06,-0.01
1654789847.670281,0.43,-0.04,-0.01
1654789847.708066,0.44,-0.03,-0.05
1654789847.7470982,0.38,-0.03,-0.02
1654789847.7865689,0.6,-0.03,-0.02
1654789847.82545,0.8,-0.05,-0.02
1654789847.864552,1.01,-0.04,-0.15
1654789847.904004,0.88,-0.07,-0.08
1654789847.9428842,0.58,-0.04,-0.05
1654789847.982583,0.7,-0.01,-0.06
1654789848.021467,0.94,-0.04,-0.04
1654789848.06056,1.72,-0.09,0.03
1654789848.099995,1.26,-0.11,0.11
1654789848.138988,1.14,-0.16,0.13
1654789848.178386,1.0,-0.17,0.17
1654789848.217397,0.9,-0.07,0.05
1654789848.256556,0.57,-0.04,0.02
1654789848.295937,0.62,-0.01,0.03
1654789848.334917,0.55,0.0,0.04
1654789848.374412,0.41,-0.0,0.04
1654789848.413476,0.66,-0.01,0.03
1654789848.452033,0.79,-0.05,0.01
1654789848.49151,0.46,-0.03,0.0
1654789848.530889,0.64,-0.02,-0.04
1654789848.57025,0.4,-0.01,-0.01
1654789848.60955,0.67,-0.03,-0.03
1654789848.648492,0.82,-0.05,-0.01
1654789848.68793,0.8,-0.01,-0.08
1654789848.727005,1.0,-0.03,-0.11
1654789848.766329,0.81,-0.0,-0.11
1654789848.805421,0.89,-0.05,-0.12
1654789848.8441548,0.91,-0.04,-0.04
1654789848.8838558,0.76,-0.02,-0.08
1654789848.9229271,0.91,-0.08,-0.07
1654789848.96233,1.85,-0.27,0.13
1654789849.001009,1.11,-0.2,0.16
1654789849.040329,1.01,-0.12,0.07
1654789849.0798788,1.74,-0.2,0.12
1654789849.118804,1.25,-0.19,0.17
1654789849.158266,1.7,-0.08,0.13
1654789849.197212,1.59,-0.04,0.19
1654789849.236338,1.36,-0.06,0.15
1654789849.275857,0.84,-0.05,0.06
1654789849.314754,0.51,-0.05,0.05
1654789849.354271,0.65,-0.01,-0.01
1654789849.393368,0.55,-0.02,0.02
1654789849.432411,0.77,-0.04,0.04
1654789849.471862,0.85,-0.06,0.01
1654789849.51091,0.5,-0.05,0.01
1654789849.550313,0.39,-0.05,-0.01
1654789849.5888379,0.83,0.0,0.02
1654789849.628225,0.99,-0.04,0.08
1654789849.667336,0.96,-0.05,0.03
1654789849.706913,1.38,-0.05,-0.19
1654789849.746376,0.86,-0.12,-0.04
1654789849.78493,0.52,-0.07,0.01
1654789849.823869,0.57,-0.04,0.0
1654789849.863864,0.94,-0.05,0.0
1654789849.9029398,1.32,-0.04,0.0
1654789849.942108,1.56,0.01,0.08
1654789849.981214,0.93,0.02,0.05
1654789850.0200162,1.11,-0.01,0.07
1654789850.059572,1.21,-0.04,0.07
1654789850.098737,1.03,-0.09,0.04
1654789850.1380658,0.52,-0.06,0.01
1654789850.177268,0.27,-0.05,-0.01
1654789850.2165399,0.31,-0.03,0.01
1654789850.255546,0.8,-0.04,-0.01
1654789850.294602,1.01,-0.07,-0.04
1654789850.3342211,1.8,-0.16,0.09
1654789850.373027,1.12,-0.14,0.13
1654789850.41254,0.61,-0.08,0.05
1654789850.451521,1.0,-0.09,0.0
1654789850.490935,1.0,-0.09,0.04
1654789850.530022,0.55,-0.07,0.04
1654789850.5687602,0.68,-0.03,0.06
1654789850.608416,1.22,-0.04,-0.13
1654789850.647549,1.13,-0.16,0.05
1654789850.686977,0.96,-0.1,-0.04
1654789850.725718,0.89,-0.06,0.0
1654789850.7650912,0.45,-0.03,0.01
1654789850.80423,0.54,-0.05,-0.02
1654789850.843489,0.74,-0.02,0.02
1654789850.882853,1.03,-0.01,0.06
1654789850.9219131,1.04,-0.03,-0.01
1654789850.961078,1.35,-0.15,0.09
1654789851.0006258,0.69,-0.09,0.08
1654789851.039361,1.04,0.02,0.08
1654789851.0788438,1.1,-0.03,0.1
1654789851.117821,1.08,-0.05,0.03
1654789851.156831,0.64,-0.03,0.01
1654789851.1962938,0.49,-0.02,0.05
1654789851.235327,0.25,-0.03,0.04
1654789851.2749288,0.66,-0.08,-0.07
1654789851.313997,0.95,-0.11,-0.02
1654789851.353096,0.93,-0.09,-0.02
1654789851.392421,0.39,-0.07,0.0
1654789851.431285,0.61,-0.08,-0.02
1654789851.470818,0.82,-0.07,0.06
1654789851.50992,0.93,-0.08,0.05
1654789851.54899,0.93,-0.07,0.03
1654789851.58835,1.23,-0.08,0.04
1654789851.627418,1.21,-0.13,0.14
1654789851.666794,1.06,-0.09,0.07
1654789851.705753,1.0,-0.08,0.04
1654789851.744951,1.12,-0.09,0.02
1654789851.784257,0.72,-0.05,0.0
1654789851.823236,0.86,-0.0,0.03
1654789851.862391,1.07,-0.01,0.11
1654789851.9016929,1.44,-0.15,0.14
1654789851.9412842,1.12,-0.17,0.16
1654789851.9802072,0.89,-0.14,0.08
1654789852.019386,1.25,-0.12,-0.02
1654789852.05885,0.8,-0.14,0.07
1654789852.097899,1.02,-0.21,0.18
1654789852.1372821,0.86,-0.17,0.15
1654789852.176301,0.87,-0.1,0.04
1654789852.215289,1.51,-0.2,0.12
1654789852.254845,1.08,-0.17,0.16
1654789852.293727,0.58,-0.09,0.1
1654789852.3332539,0.54,-0.06,0.05
1654789852.3723772,0.79,-0.04,0.03
1654789852.411242,0.44,-0.04,0.01
1654789852.4508412,0.38,-0.02,0.06
1654789852.489901,0.77,-0.05,0.12
1654789852.52917,1.0,-0.07,0.04
1654789852.567829,1.04,-0.06,-0.02
1654789852.606823,1.0,-0.06,0.01
1654789852.6468549,1.0,-0.07,0.03
1654789852.685917,0.98,-0.05,0.03
1654789852.725246,0.97,-0.05,0.03
1654789852.764184,0.97,-0.07,0.02
1654789852.8030488,1.12,-0.06,-0.11
1654789852.842391,1.22,-0.16,0.05
1654789852.881421,1.75,-0.15,0.09
1654789852.9208078,1.25,-0.14,0.1
1654789852.9598331,1.09,-0.11,0.0
1654789852.998864,1.42,-0.14,-0.2
1654789853.0383701,0.53,-0.12,-0.05
1654789853.0773802,0.58,-0.03,0.03
1654789853.116448,0.66,-0.0,0.01
1654789853.155839,0.95,-0.0,-0.02
1654789853.1948721,0.52,-0.01,-0.03
1654789853.2343948,0.36,-0.03,-0.04
1654789853.2733572,0.66,-0.04,0.06
1654789853.312742,0.9,-0.05,0.11
1654789853.3518841,0.93,-0.07,0.04
1654789853.3907871,0.48,-0.04,0.02
1654789853.430356,0.44,-0.04,-0.02
1654789853.469412,0.55,-0.01,-0.01
1654789853.508835,0.63,-0.01,0.0
1654789853.547767,0.82,-0.03,0.0
1654789853.5867698,0.56,-0.02,0.01
1654789853.626224,0.31,-0.02,0.0
1654789853.6653812,0.65,-0.01,0.07
1654789853.70495,0.79,-0.03,0.09
1654789853.743947,1.91,0.02,0.0
1654789853.7828171,1.9,0.02,0.08
1654789853.822228,2.36,0.1,0.06
1654789853.8614888,1.56,-0.0,0.13
1654789853.900725,1.24,-0.04,0.12
1654789853.939838,1.08,-0.03,0.05
1654789853.978809,1.49,0.0,0.09
1654789854.0182998,1.36,-0.06,0.08
1654789854.057295,1.23,-0.17,0.16
1654789854.0966809,1.07,-0.11,0.05
1654789854.135743,2.18,-0.09,0.03
1654789854.1748018,1.81,-0.09,0.15
1654789854.2142541,1.37,-0.04,-0.02
1654789854.253679,1.43,-0.03,-0.1
1654789854.292725,1.3,-0.03,-0.06
1654789854.331712,1.34,-0.09,-0.19
1654789854.371119,1.12,-0.15,0.01
1654789854.41016,0.68,-0.07,-0.0
1654789854.449159,0.72,-0.04,-0.03
1654789854.488624,0.83,-0.03,-0.02
1654789854.5276742,0.61,-0.02,-0.06
1654789854.567137,0.67,-0.1,-0.13
1654789854.606115,0.52,-0.07,-0.05
1654789854.64515,0.56,-0.04,-0.03
1654789854.684716,0.66,-0.02,-0.02
1654789854.72369,0.44,-0.03,-0.01
1654789854.763071,1.78,-0.07,-0.05
1654789854.8020532,1.36,-0.12,0.07
1654789854.841127,1.05,-0.09,0.07
1654789854.88061,0.47,-0.06,0.05
1654789854.919533,0.43,-0.05,0.12
1654789854.959019,1.33,-0.09,0.14
1654789854.998005,1.15,-0.16,0.18
1654789855.037452,0.95,-0.1,0.1
1654789855.0764549,0.59,-0.06,0.05
1654789855.115516,0.51,-0.05,0.04
1654789855.154987,0.97,-0.04,-0.07
1654789855.1940129,1.21,-0.07,-0.04
1654789855.23356,1.12,-0.06,-0.04
1654789855.27249,0.58,-0.05,-0.02
1654789855.311906,1.08,-0.01,0.03
1654789855.350931,1.67,0.06,-0.01
1654789855.389954,1.4,-0.03,0.1
1654789855.4295092,1.2,-0.05,0.13
1654789855.46844,0.91,-0.05,0.05
1654789855.507863,0.62,-0.04,0.05
1654789855.546891,1.22,-0.07,0.08
1654789855.586367,1.2,-0.14,0.13
1654789855.625398,1.04,-0.1,0.06
1654789855.664487,0.52,-0.07,0.04
1654789855.703815,0.95,-0.04,0.09
1654789855.742833,0.66,-0.01,0.04
1654789855.782324,1.02,-0.01,0.09
1654789855.821342,1.09,-0.02,0.12
1654789855.860342,2.33,-0.05,0.11
1654789855.8998358,1.62,-0.07,0.13
1654789855.938813,0.93,-0.04,0.08
1654789855.978339,1.04,-0.04,0.11
1654789856.017322,1.13,-0.07,0.13
1654789856.056703,1.75,-0.17,0.18
1654789856.0957482,1.27,-0.15,0.19
1654789856.134943,1.09,-0.01,0.1
1654789856.17461,1.06,-0.04,0.14
1654789856.213509,1.04,-0.07,0.13
1654789856.253185,1.48,-0.21,0.18
1654789856.292196,1.11,-0.16,0.19
1654789856.3316429,0.61,-0.26,0.19
1654789856.3705752,0.91,-0.12,0.14
1654789856.409585,1.12,-0.1,0.14
1654789856.4490979,1.69,-0.21,0.23
1654789856.488155,1.2,-0.15,0.21
1654789856.527339,0.67,-0.22,0.18
1654789856.566294,0.96,-0.11,0.15
1654789856.605448,1.15,-0.08,0.14
1654789856.645033,0.9,-0.05,0.0
1654789856.6840808,1.56,-0.2,0.06
1654789856.723632,0.84,-0.12,0.04
1654789856.762437,0.89,-0.04,0.05
1654789856.8016791,0.99,-0.02,0.05
1654789856.841025,1.24,-0.07,-0.13
1654789856.880086,1.12,-0.14,0.02
1654789856.919446,0.82,-0.06,0.01
1654789856.9585652,0.62,-0.04,0.01
1654789856.9975371,0.71,-0.04,-0.02
1654789857.036457,0.89,-0.01,-0.1
1654789857.075988,1.37,-0.17,-0.05
1654789857.115202,0.78,-0.11,-0.02
1654789857.154575,0.84,-0.06,0.04
1654789857.193509,0.98,-0.04,0.05
1654789857.232605,1.37,-0.16,0.09
1654789857.272085,1.04,-0.15,0.12
1654789857.311185,0.62,-0.3,0.15
1654789857.3505201,0.96,-0.11,0.12
1654789857.389552,1.17,-0.09,0.1
1654789857.428996,1.11,-0.12,-0.07
1654789857.467998,1.13,-0.17,0.06
1654789857.507005,0.75,-0.68,0.05
1654789857.546647,1.37,-0.17,0.13
1654789857.5853472,1.4,-0.04,0.12
1654789857.625004,0.93,-0.24,0.11
1654789857.664097,0.92,-0.15,0.17
1654789857.703539,1.51,0.03,0.09
1654789857.742493,1.17,-0.03,0.12
1654789857.781648,1.09,-0.06,0.05
1654789857.8210502,0.6,-0.06,0.03
1654789857.8599732,0.9,-0.06,-0.07
1654789857.8995242,1.01,-0.04,-0.15
1654789857.938366,1.1,-0.05,-0.11
1654789857.977615,0.99,-0.02,-0.04
1654789858.016999,0.54,-0.02,-0.03
1654789858.055969,0.92,-0.04,-0.1
1654789858.0955362,0.88,-0.02,-0.13
1654789858.134542,1.09,-0.05,-0.12
1654789858.174003,0.95,-0.02,-0.04
1654789858.2127712,0.45,-0.04,-0.01
1654789858.252173,0.73,-0.07,-0.11
1654789858.291439,1.35,-0.22,0.03
1654789858.330409,0.98,-0.19,0.11
1654789858.369815,0.86,-0.1,0.07
1654789858.4087481,0.5,-0.07,0.05
1654789858.448509,0.88,-0.08,-0.04
1654789858.487254,1.58,-0.23,0.08
1654789858.526324,1.18,-0.15,0.06
1654789858.565699,0.97,-0.09,0.03
1654789858.60478,0.46,-0.07,0.02
1654789858.644371,0.78,-0.08,-0.1
1654789858.6834009,1.43,-0.23,0.07
1654789858.722296,1.12,-0.16,0.08
1654789858.761688,0.85,-0.06,0.04
1654789858.800808,0.58,-0.05,0.03
1654789858.840244,0.83,-0.05,-0.03
1654789858.879194,1.49,-0.16,0.07
1654789858.91871,1.11,-0.13,0.11
1654789858.957636,0.57,-0.08,0.05
1654789858.996706,0.81,-0.04,0.07
1654789859.0362308,1.02,-0.03,0.1
1654789859.075087,1.77,-0.16,0.16
1654789859.11468,1.31,-0.12,0.17
1654789859.1537678,0.7,-0.07,0.09
1654789859.1930602,0.6,-0.04,0.08
1654789859.232268,0.88,-0.02,0.08
1654789859.271092,1.99,-0.12,0.12
1654789859.310645,1.35,-0.09,0.15
1654789859.349602,1.13,-0.04,0.14
1654789859.389101,0.5,-0.05,0.08
1654789859.428003,0.83,-0.17,-0.01
1654789859.467674,0.74,-0.12,-0.01
1654789859.5067039,0.6,-0.05,0.04
1654789859.5462961,0.55,-0.02,0.01
1654789859.585336,1.58,0.0,-0.04
1654789859.6239512,1.27,-0.04,0.06
1654789859.663337,1.16,-0.02,0.1
1654789859.70266,0.77,-0.0,-0.01
1654789859.742052,1.15,-0.1,-0.04
1654789859.7809548,2.07,-0.13,0.06
1654789859.8204641,1.82,-0.06,0.15
1654789859.859541,1.44,-0.02,0.1
1654789859.898995,1.54,0.02,0.03
1654789859.937907,1.28,-0.05,0.12
1654789859.9769201,0.85,-0.03,0.1
1654789860.016326,0.87,-0.01,0.07
1654789860.0552828,1.02,-0.02,0.11
1654789860.094829,1.82,-0.03,0.07
1654789860.1337652,1.32,-0.04,0.1
1654789860.173339,0.96,-0.02,0.11
1654789860.212239,0.63,0.0,0.08
1654789860.251447,0.96,-0.02,-0.03
1654789860.291129,0.55,-0.01,-0.03
1654789860.329797,0.71,-0.01,0.04
1654789860.3692641,0.72,0.01,0.03
1654789860.4082649,0.35,0.01,0.01
1654789860.447833,0.51,-0.09,-0.04
1654789860.486803,0.71,-0.09,-0.02
1654789860.52579,0.4,-0.03,-0.04
1654789860.565408,0.84,-0.04,-0.13
1654789860.6043,0.52,-0.03,-0.11
1654789860.643852,0.59,-0.07,-0.15
1654789860.6829178,0.79,-0.06,-0.06
1654789860.722177,1.66,-0.22,0.1
1654789860.76113,1.23,-0.18,0.15
1654789860.800265,1.05,-0.13,-0.03
1654789860.8396502,0.9,-0.18,0.02
1654789860.8788328,0.97,-0.12,0.04
1654789860.9183328,1.87,-0.18,0.13
1654789860.9572082,1.37,-0.14,0.18
1654789860.9964821,0.76,-0.1,0.09
1654789861.0357828,0.53,-0.06,0.09
1654789861.0748239,0.89,-0.02,-0.01
1654789861.1142678,0.56,-0.01,-0.03
1654789861.153093,0.75,-0.01,0.05
1654789861.192159,0.78,0.01,0.06
1654789861.2316911,0.35,-0.01,0.03
1654789861.270615,0.64,-0.17,0.07
1654789861.310078,0.71,-0.13,0.03
1654789861.3494568,0.48,-0.08,0.02
1654789861.388164,0.55,-0.02,-0.02
1654789861.427922,0.64,0.01,-0.07
1654789861.466967,0.84,-0.11,-0.12
1654789861.506134,0.86,-0.08,-0.06
1654789861.5453062,0.82,-0.04,-0.09
1654789861.584567,0.8,-0.13,0.02
1654789861.6235662,0.37,-0.1,0.02
1654789861.662946,0.79,-0.08,-0.08
1654789861.702146,0.97,-0.06,-0.05
1654789861.7412422,1.19,-0.01,-0.03
1654789861.7806442,0.86,-0.04,0.06
1654789861.819548,0.53,-0.02,0.09
1654789861.858718,0.87,-0.03,-0.07
1654789861.8981519,0.99,-0.03,-0.04
1654789861.937396,0.75,-0.03,-0.02
1654789861.976885,0.47,-0.05,0.01
1654789862.0157351,0.92,-0.01,0.05
1654789862.055021,1.16,-0.03,0.09
1654789862.094099,1.03,-0.03,0.01
1654789862.133216,1.01,-0.04,0.01
1654789862.172653,1.59,-0.11,0.11
1654789862.211654,1.42,-0.11,0.16
1654789862.250993,1.16,-0.05,0.14
1654789862.290069,1.1,-0.07,0.06
1654789862.3295648,1.14,-0.08,0.01
1654789862.368552,1.02,-0.04,-0.08
1654789862.407607,2.26,-0.04,0.03
1654789862.447039,2.23,0.05,0.13
1654789862.486088,1.57,0.03,0.14
1654789862.5254111,1.36,-0.01,0.05
1654789862.5643342,1.96,-0.22,0.17
1654789862.6033669,1.29,-0.16,0.16
1654789862.642793,0.7,-0.08,0.09
1654789862.682519,1.05,-0.06,-0.06
1654789862.721758,1.07,-0.08,-0.03
1654789862.760562,1.13,-0.23,0.05
1654789862.799668,1.17,-0.2,0.03
1654789862.839072,1.45,-0.12,-0.19
1654789862.878123,1.19,-0.14,-0.02
1654789862.9174678,1.07,-0.08,-0.01
1654789862.956584,1.04,-0.18,-0.01
1654789862.996188,1.18,-0.21,0.05
1654789863.035019,1.63,-0.22,0.2
1654789863.074031,1.16,-0.16,0.2
1654789863.113608,1.08,-0.1,0.12
1654789863.152572,1.17,-0.14,0.01
1654789863.1918762,1.25,-0.19,0.01
1654789863.231036,2.22,-0.14,0.17
1654789863.2700381,1.9,-0.1,0.22
1654789863.309365,1.43,-0.02,0.15
1654789863.348841,1.93,0.03,0.06
1654789863.388122,1.39,-0.04,0.13
1654789863.426792,1.64,0.04,0.07
1654789863.466414,1.66,0.03,0.11
1654789863.5054872,1.34,0.03,0.11
1654789863.544644,1.43,0.04,0.03
1654789863.583881,1.59,0.01,0.11
1654789863.622934,0.92,0.0,0.09
1654789863.6624682,0.58,-0.01,0.07
1654789863.70148,0.84,-0.05,-0.05
1654789863.7408772,0.58,-0.02,-0.04
1654789863.7799308,0.85,-0.02,0.07
1654789863.818932,0.4,-0.03,0.08
1654789863.8583732,0.76,-0.01,0.08
1654789863.897217,0.86,-0.01,0.09
1654789863.936809,0.44,0.05,0.05
1654789863.9758651,0.52,0.03,0.05
1654789864.014714,0.33,0.02,0.02
1654789864.054301,0.38,-0.0,0.05
1654789864.093287,0.82,-0.01,-0.04
1654789864.132833,0.78,-0.03,-0.04
1654789864.1717298,0.47,-0.03,-0.01
1654789864.2112808,0.43,-0.01,-0.04
1654789864.25019,0.3,-0.02,-0.02
1654789864.2891881,0.8,-0.05,-0.05
1654789864.328798,0.87,-0.04,-0.07
1654789864.367788,0.6,-0.04,-0.04
1654789864.407097,0.76,-0.02,-0.07
1654789864.445976,1.57,-0.06,-0.27
1654789864.485323,0.76,-0.08,-0.03
1654789864.524789,0.82,-0.01,0.02
1654789864.563946,1.03,-0.03,-0.13
1654789864.603064,0.91,-0.21,0.1
1654789864.642209,2.12,-0.18,0.18
1654789864.681736,2.39,-0.02,0.22
1654789864.7208152,1.57,0.03,0.16
1654789864.759758,2.19,-0.11,0.18
1654789864.799159,1.51,-0.11,0.17
1654789864.838051,1.25,-0.03,0.09
1654789864.8776681,1.34,0.03,0.06
1654789864.916658,1.15,0.03,0.07
1654789864.955549,0.61,0.04,0.06
1654789864.9950972,0.7,0.02,0.05
1654789865.034125,0.48,0.01,0.02
1654789865.073405,0.4,-0.02,0.03
1654789865.1125371,0.82,-0.04,-0.04
1654789865.152065,0.78,-0.04,-0.02
1654789865.1912692,0.56,-0.03,-0.0
1654789865.2300239,0.62,-0.01,-0.02
1654789865.269571,0.25,-0.03,-0.0
1654789865.308492,1.3,-0.17,-0.02
1654789865.3479118,1.09,-0.12,-0.02
1654789865.386868,0.61,-0.09,-0.01
1654789865.426396,1.08,-0.06,-0.11
1654789865.465646,1.06,-0.03,-0.15
1654789865.504983,0.95,-0.14,-0.08
1654789865.543783,1.0,-0.09,-0.04
1654789865.582859,0.67,0.0,-0.09
1654789865.622109,0.94,-0.2,0.11
1654789865.6611981,1.86,-0.04,0.08
1654789865.700722,1.98,0.05,0.12
1654789865.7396438,1.42,0.05,0.11
1654789865.779186,0.89,0.01,0.06
1654789865.818311,1.05,-0.02,0.13
1654789865.857714,0.69,-0.01,0.09
1654789865.896489,0.45,-0.01,0.09
1654789865.9357271,0.91,-0.03,-0.04
1654789865.975339,0.6,-0.03,-0.02
1654789866.014016,0.93,-0.04,0.05
1654789866.053615,0.86,-0.02,0.07
1654789866.0925949,0.51,-0.01,0.02
1654789866.131885,0.99,-0.08,-0.04
1654789866.17084,0.98,-0.08,-0.01
1654789866.21003,0.56,-0.04,-0.0
1654789866.249614,0.83,-0.03,-0.09
1654789866.28865,1.42,-0.27,0.02
1654789866.328019,0.92,-0.19,0.12
1654789866.367131,0.93,-0.1,0.09
1654789866.405953,1.42,-0.21,0.12
1654789866.4455822,1.21,-0.19,0.14
1654789866.484504,2.13,0.0,0.09
1654789866.5238101,2.23,0.09,0.09
1654789866.5630238,1.53,0.06,0.1
1654789866.602567,1.98,0.03,0.04
1654789866.641508,1.47,-0.04,0.11
1654789866.680396,0.96,-0.02,0.11
1654789866.71997,0.59,-0.01,0.07
1654789866.75894,1.08,-0.04,-0.06
1654789866.7985768,0.71,-0.03,-0.06
1654789866.8374069,0.66,-0.02,0.03
1654789866.876443,0.67,0.0,0.02
1654789866.916028,0.36,-0.02,-0.0
1654789866.955072,0.61,-0.11,-0.04
1654789866.99442,0.49,0.0,-0.04
1654789867.0336452,0.45,0.0,-0.01
1654789867.073079,0.63,0.0,-0.03
1654789867.111936,0.48,-0.01,-0.04
1654789867.1508312,0.77,-0.13,-0.12
1654789867.190667,0.79,-0.1,-0.05
1654789867.2294478,0.45,-0.06,-0.03
1654789867.268872,0.74,-0.06,-0.13
1654789867.30803,0.98,-0.23,-0.11
1654789867.347463,0.58,-0.16,0.04
1654789867.386555,0.77,-0.08,0.06
1654789867.425299,0.5,-0.05,0.02
1654789867.46492,1.02,-0.06,-0.08
1654789867.503937,1.3,-0.15,-0.2
1654789867.543394,0.75,-0.12,-0.02
1654789867.5821729,0.87,-0.06,-0.0
1654789867.621077,0.57,-0.04,-0.03
1654789867.660657,1.01,-0.05,-0.12
1654789867.700205,1.72,-0.01,-0.11
1654789867.739261,1.58,-0.02,0.05
1654789867.778124,1.29,-0.01,0.07
1654789867.817683,1.05,-0.01,-0.05
1654789867.856459,1.17,-0.12,0.01
1654789867.895581,0.51,-0.06,0.01
1654789867.9350479,0.5,-0.03,0.03
1654789867.974026,0.96,-0.0,-0.03
1654789868.013103,1.2,-0.04,-0.19
1654789868.052686,1.3,-0.12,-0.04
1654789868.0924978,0.75,-0.08,-0.02
1654789868.1312158,0.62,-0.04,-0.0
1654789868.170243,0.74,-0.03,-0.02
1654789868.209285,0.81,-0.01,-0.07
1654789868.248928,1.08,-0.05,-0.06
1654789868.288037,0.97,-0.04,-0.01
1654789868.3273642,0.6,-0.0,-0.03
1654789868.366383,0.94,-0.12,0.08
1654789868.4053419,0.66,-0.01,-0.03
1654789868.4448519,0.75,-0.01,0.03
1654789868.483936,0.81,0.03,0.02
1654789868.5228832,1.31,-0.02,-0.11
1654789868.562446,1.15,-0.15,0.03
1654789868.6013,0.79,0.05,-0.01
1654789868.640713,0.74,0.02,0.02
1654789868.679952,0.79,0.01,0.03
1654789868.719019,1.34,-0.11,0.11
1654789868.758504,1.14,-0.17,0.06
1654789868.797465,0.99,-0.12,0.02
1654789868.83636,0.54,-0.07,-0.02
1654789868.8760378,0.75,-0.16,-0.02
1654789868.915017,1.48,-0.04,-0.03
1654789868.954349,1.4,0.0,0.04
1654789868.993431,1.13,0.02,0.07
1654789869.0325482,1.0,0.02,-0.05
1654789869.071906,1.06,-0.14,0.06
1654789869.1109529,0.67,-0.09,0.04
1654789869.1505542,0.93,-0.01,0.05
1654789869.18968,0.95,0.01,0.08
1654789869.2286139,1.86,-0.18,0.1
1654789869.2681391,1.27,-0.15,0.13
1654789869.306887,1.07,-0.1,0.14
1654789869.346327,0.6,-0.06,0.08
1654789869.385758,0.75,-0.09,-0.04
1654789869.4244459,1.58,-0.22,0.07
1654789869.4639769,1.13,-0.15,0.13
1654789869.503108,1.04,-0.07,0.06
1654789869.542419,0.78,-0.04,-0.02
1654789869.5814989,1.03,-0.16,0.09
1654789869.62095,1.0,-0.11,0.04
1654789869.659945,1.1,-0.07,0.06
1654789869.6988642,1.03,-0.1,0.04
1654789869.7383108,1.64,-0.08,0.08
1654789869.77742,1.92,-0.01,0.14
1654789869.816892,1.44,0.03,0.13
1654789869.8559492,0.91,-0.01,0.06
1654789869.8948789,0.92,-0.04,0.04
1654789869.934207,0.51,-0.04,0.01
1654789869.973362,0.39,-0.02,0.04
